Frequency (Hz),Channel 1 Magnitude (dB),Channel 2 Magnitude (dB),Channel 2 Phase (°)
1000,0.0063898806439231784,-0.54744959155524675,-7.0398276473642269
1004.6204213468127,0.006450360714736144,-0.54663790347508379,-7.0672597151535257
1009.2621909870473,0.0066093646273663043,-0.54540954572665634,-7.1061052935572349
1013.9254075588154,0.0062334535361037724,-0.54725799545925613,-7.1314354438852376
1018.6101701559758,0.0065949008825814913,-0.54568927743513018,-7.1788297573350945
1023.316578330245,0.0059192115033816954,-0.54406176433189724,-7.2113589235988229
1028.0447320933092,0.0068078120342862048,-0.54608944191599229,-7.2401826530380049
1032.7947319189514,0.0072784506944290539,-0.54366637157169861,-7.2798740796105221
1037.566678745186,0.0066932679234379009,-0.54481348358131176,-7.3082520003208629
1042.3606739764018,0.0071519670002445036,-0.54616506697858747,-7.3340742107579331
1047.1768194855204,0.0068911140340760678,-0.54675120353966056,-7.3774628442896528
1052.0152176161585,0.006919341507538649,-0.54761657220349658,-7.4179300771509702
1056.875971184804,0.0062742000048944709,-0.5469258484411772,-7.4415235513182267
1061.759183483,0.0067522275292257947,-0.54290601727830745,-7.4787253087098833
1066.6649582795394,0.006305830096185165,-0.54564795930553123,-7.5194264619553195
1071.5933998226712,0.007264051661317824,-0.54473437526585267,-7.5426724588005314
1076.5446128423155,0.0065191722004456706,-0.54502636461986897,-7.5898907590541995
1081.518702552288,0.0062791108560913871,-0.54504771053986723,-7.6256311958206311
1086.5157746525383,0.0063746861047864478,-0.54595975922477058,-7.6626401694419712
1091.5359353313916,0.0063579774210122553,-0.54377470542269035,-7.694995538852865
1096.5792912678098,0.0066419305495387469,-0.54433618458283806,-7.7324986345281559
1101.6459496336563,0.0068724088354703413,-0.54366980628549366,-7.7685153538728642
1106.7360180959733,0.0065413325625421305,-0.54455595326414419,-7.8066244655534653
1111.849604819271,0.0059740874737733238,-0.54524733981663254,-7.8536906911415585
1116.9868184678232,0.0066235065624024427,-0.54371241362081058,-7.8719219168889367
1122.1477682079803,0.0075774618271136924,-0.54547796530732184,-7.9136923491361983
1127.3325637104865,0.0071726686332925695,-0.54591363109360624,-7.950640029138512
1132.5413151528114,0.0061124632149455642,-0.54306940934004433,-7.9829618052237983
1137.7741332214914,0.0061508603383663872,-0.54420547532860097,-8.0306661578996525
1143.0311291144792,0.0065169821195216592,-0.54345899470518988,-8.0623745247467298
1148.3124145435111,0.0065055388302669151,-0.54421592113929429,-8.1057933576250036
1153.6181017364779,0.0071327651866651227,-0.54575083075366715,-8.1434812716033704
1158.9483034398106,0.0061253367467574756,-0.54418617466644259,-8.1809435412877498
1164.3031329208768,0.0060314485195126074,-0.54528604638577782,-8.2257494099915931
1169.6827039703853,0.0056708896560160506,-0.54404016165237112,-8.2633972705673671
1175.0871309048075,0.0070873883597462189,-0.54522332697845877,-8.2937863154321789
1180.5165285688049,0.0061241238761393013,-0.54431668679414169,-8.3398259848151497
1185.9710123376694,0.0067060121909999449,-0.54214110769980217,-8.379554134744243
1191.450698119776,0.0054577138819930544,-0.54338661872595684,-8.4201951199986667
1196.9557023590435,0.0063910429623050902,-0.5439987814099938,-8.4525158646268039
1202.4861420374123,0.005892222226452512,-0.54361233992925917,-8.502832596788636
1208.0421346773282,0.0065421183767616006,-0.54427404259191126,-8.5320051252183315
1213.6237983442411,0.0056930686708825734,-0.5435586359378336,-8.5792339257274648
1219.2312516491106,0.0059936525330176738,-0.54210526557633132,-8.6172347362363837
1224.8646137509313,0.0060318338827193172,-0.5433805434885417,-8.6703346595342623
1230.5240043592617,0.0061833797769312426,-0.54391129510188518,-8.7067165573667324
1236.2095437367686,0.0062280528348449531,-0.54255914571913333,-8.7367511420543877
1241.9213527017839,0.0058870422115247095,-0.54298153879415911,-8.7791282804266118
1247.6595526308697,0.0054419780022304728,-0.54292709975688158,-8.8329487663187365
1253.4242654614002,0.0054261384046655845,-0.54413602489665369,-8.8731160892767207
1259.2156136941508,0.0059953842274533759,-0.54274456347518474,-8.9115406808035118
1265.0337203959032,0.0060194175673983826,-0.5418493502857844,-8.9496667002302388
1270.8787092020589,0.0057086249462002482,-0.54249982901043703,-8.9924077004370133
1276.7507043192657,0.0057001445922351054,-0.54254764823326096,-9.0351214054106492
1282.6498305280604,0.0054037816322738243,-0.54169577440841288,-9.0740253148712782
1288.5762131855179,0.0060943557738805942,-0.54157695358744229,-9.1243276285295423
1294.5299782279153,0.0049141267680683151,-0.54177947206613908,-9.1749766843297209
1300.5112521734093,0.0061572876931080553,-0.54011169244029,-9.2112564400721979
1306.5201621247211,0.0058117255075173582,-0.54186578362863236,-9.2564697763452273
1312.5568357718435,0.0054357558167436957,-0.5416188815889269,-9.2970938693637493
1318.6214013947485,0.0064906540616928958,-0.54041714914817263,-9.3439275078077433
1324.7139878661169,0.0054444483419751081,-0.54038869876580731,-9.3868314842567742
1330.8347246540754,0.0056632170010053016,-0.54054707446828509,-9.4366706604919557
1336.9837418249465,0.0058171182551779339,-0.54034759874503946,-9.4796478158867217
1343.161170046016,0.0057932953186269134,-0.54031803030197822,-9.5337133755641048
1349.3671405883065,0.0052656108164741231,-0.54125190496043496,-9.5763488946836333
1355.6017853293683,0.0056095491169193866,-0.53988085760279159,-9.622462511285967
1361.8652367560821,0.0052714436413495401,-0.54184331379678008,-9.6670860291322782
1368.1576279674719,0.0059011564923459221,-0.54102135550688413,-9.7156424545058826
1374.4790926775374,0.0051797405928783978,-0.5401456849886398,-9.7471046722326662
1380.8297652180922,0.0052981664395068528,-0.53951006156614945,-9.8011185412606778
1387.2097805416201,0.0044414409938325376,-0.54037961374847343,-9.8541480929615872
1393.6192742241428,0.0059309810144094364,-0.53994246659039169,-9.9053517677975265
1400.0583824680975,0.0055205019566245059,-0.54019120596234382,-9.9404686452209106
1406.5272421052371,0.0054860488529040168,-0.53956243187486175,-9.9864663513980307
1413.0259905995338,0.0054920291161051106,-0.53842469895363942,-10.042700991584212
1419.5547660501015,0.0052045643647772267,-0.53914721033521773,-10.086534071668439
1426.1137071941289,0.0053090084657665508,-0.54018142121277335,-10.136488408646684
1432.7029534098308,0.0053447116460778746,-0.53889699251008272,-10.185097946756557
1439.3226447194072,0.0047171377928049716,-0.54004150308757948,-10.232233763235058
1445.9729217920194,0.0059427524009400979,-0.53908529433436914,-10.28544803095842
1452.6539259467811,0.0058768904587166299,-0.53884211194020781,-10.331856889999955
1459.365799155757,0.0050573265656985861,-0.53853727768442394,-10.378846301071349
1466.1086840469845,0.005292931998397179,-0.53869258903988182,-10.432069185019074
1472.8827239075026,0.0048630941450916853,-0.53970200476809416,-10.485477018733832
1479.6880626863963,0.0053457177854114787,-0.53920699192192945,-10.532043723402467
1486.5248449978571,0.0052038589478060233,-0.53901907771796087,-10.580064679818218
1493.3932161242526,0.0046934088323133819,-0.53861713107944975,-10.628541911144282
1500.2933220192183,0.0049442522833231736,-0.53795728208814964,-10.690066898836335
1507.2253093107563,0.005599025723316926,-0.538442003285443,-10.736137429615553
1514.189325304352,0.0048428856293358932,-0.53754825714201382,-10.788974338105078
1521.1855179861047,0.0051804582775807724,-0.53753154790940194,-10.846012110696392
1528.2140360258702,0.0044374539049517395,-0.53738847787424793,-10.899947589141728
1535.2750287804226,0.005312747901824566,-0.53744353040886483,-10.94923833218138
1542.3686462966282,0.0051790825237140441,-0.5373602715650686,-10.99981196637458
1549.4950393146316,0.004815346202208139,-0.53740232481877659,-11.052254514825393
1556.654359271062,0.0041609183041433108,-0.53609691378884927,-11.102500082862392
1563.8467583022471,0.0044994210183459454,-0.53686552092461781,-11.154297210597292
1571.0723892474502,0.0041516759651679599,-0.53719235297203127,-11.211445723612243
1578.3314056521174,0.0048753028716253767,-0.53647019903055293,-11.271391494322614
1585.6239617711374,0.0060111445940741037,-0.53664687147610268,-11.325954822476888
1592.9502125721231,0.0045842983221831991,-0.53710465205648439,-11.37725337510453
1600.3103137387009,0.0051144764257061905,-0.53490049539843221,-11.427430573634048
1607.7044216738236,0.004089495852331519,-0.53479161454663571,-11.488939669440413
1615.1326935030904,0.0043536646513457683,-0.53602120201466341,-11.545237415006895
1622.5952870780873,0.0045496951471191401,-0.53456810935174237,-11.601452292280925
1630.0923609797412,0.004964859580612933,-0.53419170957514095,-11.657411961497559
1637.624074521688,0.0041559524576083758,-0.53410801565965038,-11.714839131685807
1645.1905877536626,0.0037434041896638065,-0.53413734085886699,-11.76812957997096
1652.7920614648947,0.0050076068416916525,-0.53394940012070191,-11.822187842687356
1660.4286571875296,0.0037926687553736234,-0.53478172352015674,-11.885663796294665
1668.1005372000593,0.0046542425797083137,-0.53473035461426655,-11.94237138267269
1675.8078645307678,0.0041083365512182488,-0.53360048213524014,-11.998313468593111
1683.5508029612024,0.004600518338467338,-0.53442168871362739,-12.059224364401572
1691.3295170296481,0.0037268711660770285,-0.53291874913411819,-12.122371094540625
1699.1441720346261,0.0041857735503835168,-0.53358243665280325,-12.170351130811127
1706.994934038408,0.0037644809625934673,-0.53315121137227517,-12.238549286124325
1714.8819698705402,0.0034973828823114854,-0.53323881880707369,-12.297658512196364
1722.805447131394,0.0045497735073303141,-0.53302662269727896,-12.353914452826146
1730.765534195725,0.0032018476741916923,-0.53238042628104709,-12.412363524158479
1738.7624002162504,0.0043894345810148606,-0.53269796254537727,-12.477762819150762
1746.7962151272457,0.0040962038733932003,-0.53218891478280916,-12.54032686540819
1754.8671496481511,0.0044680049205446598,-0.5321242183012771,-12.597156731242194
1762.9753752872057,0.0035645478003890015,-0.53215468801263277,-12.666255290519075
1771.1210643450877,0.0044338202519034762,-0.53246474905769625,-12.720012079343604
1779.3043899185773,0.0033427359455749121,-0.53135915763473274,-12.787444236710613
1787.5255259042353,0.003578842752199217,-0.52954727378385225,-12.847937774485004
1795.7846470020959,0.0034897867676996217,-0.53107802391535219,-12.90912944934405
1804.0819287193826,0.0030624308282975639,-0.53019791411515493,-12.970841812147281
1812.4175473742368,0.0038955909645023846,-0.53029818670682083,-13.035320010814928
1820.7916800994626,0.0045439016586508538,-0.53068466114267387,-13.098974495095675
1829.2045048462937,0.0043199792307919991,-0.52916181550377162,-13.169357568345369
1837.6562003881713,0.00428914533388439,-0.53022728122003859,-13.234360648619496
1846.1469463245473,0.0031226300055086148,-0.53021209814438153,-13.300129408124974
1854.6769230846985,0.0033235637897242511,-0.52924110840788752,-13.368691488648949
1863.2463119315598,0.0041683083617429159,-0.52865348942525836,-13.42666656840877
1871.8552949655791,0.0035008764319456468,-0.52802617705759214,-13.499759899437692
1880.5040551285824,0.0033860358052286241,-0.52868657226703508,-13.559664976005969
1889.1927762076666,0.0035459026503799822,-0.52753683489406689,-13.626095981356457
1897.9216428391003,0.0026222368504174643,-0.52851059801113109,-13.695393430068414
1906.690840512252,0.0032591565769232262,-0.52791709752208027,-13.76693168923039
1915.5005555735279,0.0030013023835059102,-0.52743819472388365,-13.833036364720845
1924.3509752303312,0.0032821442047695267,-0.52735988564196634,-13.895012756234678
1933.2422875550453,0.0025502322699053606,-0.52778134200042492,-13.96882606643149
1942.1746814890257,0.002814699780256032,-0.5266866571408817,-14.036370613302982
1951.1483468466165,0.0041311481185797505,-0.52701261288054346,-14.104749258216716
1960.1634743191858,0.0029387750220606869,-0.52632240070867409,-14.177968212998422
1969.2202554791725,0.0032882695862032,-0.52695070855936177,-14.249836659152292
1978.3188827841643,0.002084254818683818,-0.52555352092205498,-14.322319286436098
1987.4595495809829,0.0036182033917177185,-0.52541503618119145,-14.394683243023874
1996.6424501097933,0.002529341493302863,-0.52540418985019111,-14.462901380727153
2005.867779508234,0.0034247736412339022,-0.52521949794362688,-14.534345118335509
2015.1357338155574,0.0026292268040836409,-0.52445758473703386,-14.609776168335699
2024.4465099768038,0.0025513124918626661,-0.52417807473619837,-14.684372577897484
2033.800305846981,0.0030622492746344866,-0.52387528095278912,-14.752696947071383
2043.1973201952703,0.0018972539505618799,-0.52365705649779004,-14.833336970645417
2052.6377527092523,0.0017191096218895298,-0.52376227059033675,-14.904326690423119
2062.1218039991436,0.0015467402685685901,-0.52272167208367926,-14.970834180477922
2071.6496756020688,0.0027331422686869859,-0.52302301196689405,-15.052513835661699
2081.2215699863382,0.0017591388679883324,-0.52271205574545465,-15.126159011127498
2090.8376905557498,0.0024425128876064367,-0.52225991900258917,-15.207469369380817
2100.4982416539151,0.0017946779111262365,-0.52166085591838796,-15.283850896841496
2110.2034285685954,0.0019549627768225522,-0.52042886884893158,-15.359806794070948
2119.9534575360708,0.002135396918026351,-0.52131484234550041,-15.432244357655563
2129.7485357455198,0.001536212045501778,-0.52074795668638352,-15.506217994682714
2139.5888713434215,0.0019309906173430075,-0.51971057630300876,-15.591872264826321
2149.4746734379805,0.0016841559240105932,-0.51951023655021689,-15.673243433927063
2159.4061521035665,0.0014275160288060394,-0.51995921419634805,-15.749289555063726
2169.3835183851843,0.0026155836925229096,-0.51984422746139658,-15.828561799431952
2179.4069843029547,0.00093304149297164312,-0.51863050719104742,-15.912569146758514
2189.476762856621,0.0012950244961047847,-0.51941725816640982,-15.988410709698002
2199.5930680300748,0.0015202135459562078,-0.51809283516518712,-16.06671750961798
2209.7561147959022,0.00096492531628551161,-0.51835981941111897,-16.151762941156569
2219.9661191199548,0.000936488948798174,-0.51746069140477435,-16.23423107975858
2230.2232979659375,0.0013474725254309032,-0.51674356802124466,-16.317134800237739
2240.5278693000182,0.0018125077926866677,-0.5170321386491068,-16.399376792916733
2250.8800520954619,0.0011567971194331628,-0.51737803010818428,-16.48272601439778
2261.2800663372782,0.0019041908642270973,-0.51633643211470803,-16.565819588426891
2271.7281330269052,0.0013353214728193655,-0.51571223566205571,-16.645137837905239
2282.2244741868976,0.0011339280667152559,-0.51506174305998487,-16.734376473142405
2292.7693128656488,0.0013269298773688713,-0.51493248406606784,-16.820066103984686
2303.3628731421313,0.00085962686661498317,-0.51446846343682173,-16.904036428845117
2314.0053801306531,0.0012492189211653806,-0.51475305153395656,-16.992393911863665
2324.6970599856481,0.001100380817483589,-0.51303849316150441,-17.076462006394223
2335.4381399064791,0.00048717028870065479,-0.5144031488104035,-17.168521544300681
2346.2288481422624,0.00074672130774630998,-0.51390280885331507,-17.257434854105824
2357.0694139967277,0.00017526425910375549,-0.51232622984388654,-17.341510135837382
2367.9600678330776,0.0010565101993020873,-0.51278512807512044,-17.431679442127987
2378.9010410788933,0.00096581061817906956,-0.51170339456643632,-17.519953144306285
2389.8925662310503,0.00015270882754434576,-0.51186754621961084,-17.61385863281172
2400.9348768606519,0.00066972485238885873,-0.51073046199387917,-17.703802730060012
2412.0282076180069,0.00016282549451841684,-0.51074136630405631,-17.793175560041
2423.1727942375996,0.00048466405015531555,-0.51012100738369004,-17.888145831233359
2434.3688735431106,-0.00015184701199372829,-0.50952881907886693,-17.97943766144202
2445.6166834524465,-0.00031330582360779568,-0.5085748465948674,-18.079189143998818
2456.9164629827901,0.00032016645056804146,-0.50823995857512561,-18.164637172747653
2468.2684522556924,0.00063657177436173354,-0.50788020970199999,-18.263525255700699
2479.6728925021589,4.6654499348515402e-05,-0.50735595725758786,-18.352389200917429
2491.1300260677885,0.00044308038155571383,-0.50698715904046887,-18.450699856812136
2502.6400964179193,0.00042851312310759887,-0.50736911257668416,-18.546592337198454
2514.2033481427979,0.00019421887869260687,-0.50645920211546147,-18.643804516497269
2525.8200269627846,-0.00013031140080887278,-0.50573091683885474,-18.738004121617848
2537.4903797335705,-0.00085002191098146416,-0.50591991758879251,-18.838749062411459
2549.214654451423,-0.0011563497029721172,-0.50571193575401541,-18.934148879645718
2560.9931002584594,0.00021485316611963401,-0.50446434289314457,-19.036991240881093
2572.8259674479332,-0.0003692265639703947,-0.50395426371310947,-19.137577673111409
2584.7135074695639,-0.00064327695182449262,-0.50309652674103833,-19.235977291347893
2596.655972934871,0.00012628626981153876,-0.50315476855037911,-19.338954662562315
2608.6536176225477,-0.00055785359647062623,-0.50283973181764197,-19.440848052637058
2620.7066964838527,-0.00041730507574844113,-0.50185810733734149,-19.541934484998524
2632.8154656480215,-0.00041404877317210769,-0.50102463233513839,-19.642059177782897
2644.9801824277201,-0.0021296671508511055,-0.50081170882249515,-19.739750794989092
2657.2011053245055,-0.0010146800965959908,-0.50032494830999208,-19.852322517228231
2669.4784940343206,-0.0010233358073371713,-0.49982958089864005,-19.958467239598832
2681.8126094530157,-0.0013694233806750597,-0.49925297038041166,-20.063231098057031
2694.2037136818835,-0.00079505621000737297,-0.49817227845214079,-20.172809646400786
2706.6520700332412,-0.00061578641190371817,-0.4974514740290199,-20.281615153803116
2719.1579430360175,-0.0014952918277160543,-0.49743246599103796,-20.386762943827534
2731.721598441376,-0.0014883727247194777,-0.49670514850862746,-20.493738929279118
2744.3433032283656,-0.0007350210938518681,-0.49574789893629045,-20.603530516895646
2757.0233256095839,-0.0013540554337480876,-0.49526534299455055,-20.713365719396819
2769.7619350368909,-0.0019476915690960985,-0.4948279370567526,-20.826600479524586
2782.5594022071241,-0.00088825171325976815,-0.49353643374519368,-20.934882987823563
2795.4159990678568,-0.00200650615316472,-0.49352443177357641,-21.049404086991657
2808.3319988231724,-0.0010401558794634195,-0.49334385928767099,-21.15925596870332
2821.3076759394721,-0.0012709543888948932,-0.49211029438927001,-21.273674714897538
2834.3433061513097,-0.0024452467052669398,-0.49144145962262376,-21.389544492879992
2847.4391664672467,-0.002108097636998923,-0.49107744952338284,-21.506584506384932
2860.595535175742,-0.0019486848148549019,-0.48993980482115901,-21.622228980330547
2873.8126918510661,-0.0025375271895922286,-0.48961428749216879,-21.739462605494879
2887.0909173592363,-0.0020383287919056815,-0.48959050654650482,-21.858641057771791
2900.4304938639916,-0.002170470416530108,-0.48832445447681888,-21.979805643346282
2913.8317048327872,-0.0022333875102270445,-0.48740859123839497,-22.097733802936091
2927.294835042816,-0.0026405551249443471,-0.48724194938357446,-22.218139658491168
2940.8201705870638,-0.0025875506684910642,-0.48615123900106499,-22.338345784143044
2954.4079988803815,-0.0022063411891657114,-0.48527341050364614,-22.460510543407082
2968.0586086656026,-0.002805039382265122,-0.48434585946957054,-22.583908429102038
2981.7722900196718,-0.002426405020153235,-0.48416096116870705,-22.709220799390714
2995.5493343598132,-0.0031353850932162681,-0.48358556104141853,-22.837013171964927
3009.390034449721,-0.0030394103815394378,-0.4824996335737487,-22.959672222257833
3023.2946844057778,-0.0039407105816635282,-0.48134152852594919,-23.084278969202405
3037.2635797033117,-0.0027792781862920469,-0.4802081692568746,-23.212402498412047
3051.2970171828692,-0.0032327213250116539,-0.47964955502211648,-23.34024234163698
3065.3952950565267,-0.0040828334443053001,-0.4788320883803916,-23.467410411473097
3079.5587129142264,-0.0037491692548103743,-0.47814887050614147,-23.600088486384834
3093.7875717301381,-0.0032827802939771776,-0.47777571037682426,-23.729990074474614
3108.0821738690638,-0.0041523757483820289,-0.47647337767090264,-23.863777539617132
3122.4428230928561,-0.00277936204423854,-0.47576626835284708,-23.997926252602241
3136.8698245668766,-0.0035344279656719935,-0.47464050564143034,-24.129871042973278
3151.3634848664792,-0.0041236769877889719,-0.47421725147349375,-24.265839697733245
3165.9241119835224,-0.0042445478648169945,-0.47432847539576772,-24.399760730656553
3180.5520153329198,-0.0042547379366316418,-0.47173414201090269,-24.53988370846433
3195.2475057592119,-0.0037596391708569878,-0.47174149049196507,-24.674182471678677
3210.0108955431715,-0.0053514340504751921,-0.47032369342086294,-24.819570254710158
3224.8424984084422,-0.003764195696140248,-0.46969859579218481,-24.956564268011306
3239.7426295281971,-0.0041865643770231335,-0.46862428933464811,-25.098820110718748
3254.7116055318479,-0.0037685126656298662,-0.46728833553955684,-25.240850648763939
3269.7497445117665,-0.0046568355410564095,-0.46629134415800555,-25.383061111901775
3284.857366030044,-0.0052137463049638571,-0.46547636447204721,-25.531491869670404
3300.0347911252852,-0.0040137093610388211,-0.46479094816535904,-25.672335922485001
3315.282342319425,-0.004910166366810657,-0.46365104432310122,-25.822076089809684
3330.6003436245887,-0.0050022607380292381,-0.46333955893580481,-25.969543119612695
3345.9891205499734,-0.0041751204045039018,-0.46196097472499914,-26.116800588813888
3361.4490001087647,-0.004546426706927357,-0.46069734874904983,-26.269593770362462
3376.9803108250917,-0.005755069321517931,-0.45974189251962561,-26.418643225740794
3392.5833827409933,-0.0046715021515783064,-0.45907704919730274,-26.568381853226825
3408.258547423452,-0.0046591868153499196,-0.45814230270095613,-26.725876624724528
3424.0061379714257,-0.0051956212614844861,-0.45660534988288759,-26.885300814564005
3439.8264890229243,-0.0056431848359321402,-0.45605924175776158,-27.034052943297933
3455.7199367621397,-0.0051819322195334836,-0.45411217017335004,-27.19937385187793
3471.6868189265615,-0.0051874877296517064,-0.45308378405718097,-27.356101136729194
3487.7274748141776,-0.006049449672439716,-0.45217792964255044,-27.517336376307483
3503.8422452906761,-0.005716681988524536,-0.45075720251024576,-27.675574223906747
3520.0314727966788,-0.0064446341751108341,-0.44932753038587453,-27.837526143251395
3536.2955013550427,-0.005707404470720232,-0.4484296032813142,-28.003693959270535
3552.6346765781409,-0.0064085380838226347,-0.44717889957023538,-28.171490549879685
3569.0493456752301,-0.0061696448476511066,-0.44559638336716823,-28.338065432944589
3585.5398574598171,-0.0048628474381945249,-0.44466489047296437,-28.507005950664393
3602.1065623570698,-0.0050296386941893747,-0.44328288622131318,-28.674276310911551
3618.7498124112803,-0.0074222601339337972,-0.44247624655063778,-28.843870899624228
3635.4699612933196,-0.0065469021684926229,-0.44124207248056568,-29.016517322683399
3652.2673643081753,-0.0057629116430047145,-0.43961781364950914,-29.1942875809317
3669.1423784024942,-0.0060961169561188182,-0.43799772090491318,-29.370730389288127
3686.0953621721578,-0.007426620184249515,-0.43649214729835456,-29.547739764183913
3703.1266758699271,-0.0065224305231882766,-0.43579925883405696,-29.725672097303658
3720.2366814130678,-0.006626927877166588,-0.4338662165434839,-29.908471655624695
3737.4257423910644,-0.0067818231701331465,-0.43262649340905501,-30.086950297504217
3754.694224073337,-0.0077132885822381236,-0.43099709497656896,-30.270971692771809
3772.0424934169973,-0.0076343371910769908,-0.42970639060915217,-30.454611215776708
3789.4709190746676,-0.0067547651991054546,-0.42856270104730487,-30.64555047881862
3806.9798714022859,-0.007608873737633819,-0.42668998791183799,-30.829041489372941
3824.5697224669993,-0.0075949021525818627,-0.42570664119110502,-31.01857734471146
3842.240846055061,-0.0076982195742774156,-0.42356103416106261,-31.219705948182607
3859.9936176797673,-0.0073731149658689769,-0.42191171728973398,-31.406207970180262
3877.8284145894572,-0.007120913840607054,-0.4205435081873159,-31.59847688763854
3895.7456157755032,-0.0075181720760482016,-0.41986105353453756,-31.800253253814802
3913.745601980384,-0.0085234584304234202,-0.41731648151150985,-31.997577591297443
3931.8287557057697,-0.0082679124093039784,-0.41630276195907023,-32.197999701221761
3949.9954612206429,-0.0074476758294595817,-0.41438671057617482,-32.399769250840983
3968.2461045694818,-0.0080130878604518143,-0.41410346952851279,-32.608247373303527
3986.5810735804407,-0.0087871048996261431,-0.41104365769169932,-32.814182696310127
4005.0007578736113,-0.0084047755568305797,-0.40905979816453886,-33.016810351224024
4023.5055488692933,-0.0088698002983383997,-0.4072155918785284,-33.23007397480319
4042.0958397963059,-0.0083408130250942764,-0.40517196429723906,-33.445976451176634
4060.7720257003652,-0.0089934258558404569,-0.40421053495470805,-33.661907400054133
4079.5345034524512,-0.0096953425277616894,-0.40158423441080365,-33.873838839627695
4098.3836717572613,-0.0094991959457791323,-0.40022815456165589,-34.090599381367255
4117.3199311616791,-0.0090602135534161438,-0.39830543330784812,-34.31219603794959
4136.343684063273,-0.0095095627968938088,-0.39639823146214287,-34.537765026700455
4155.4553347188748,-0.011179120755588311,-0.39491645082105925,-34.76212946527238
4174.6552892531372,-0.0092282224430568199,-0.39224813928914481,-34.990041263870047
4193.9439556671859,-0.0088182813009794938,-0.39061325586364082,-35.223618977997823
4213.3217438472893,-0.0089176154103172943,-0.38898438706024779,-35.444355746422708
4232.7890655735491,-0.0092081794760555721,-0.38592965948446328,-35.685175756456601
4252.3463345286818,-0.010697803351682068,-0.38358245859043361,-35.922312266349394
4271.9939663067789,-0.0096863673950610043,-0.38107641222049893,-36.169950886010866
4291.732378422158,-0.008729048690554856,-0.38018148310384409,-36.403742935986045
4311.5619903182287,-0.0090320507267247826,-0.37720182150105452,-36.649623568238695
4331.4832233763982,-0.010757902078180604,-0.37512981614456209,-36.893964188587404
4351.49650092505,-0.010487667500471597,-0.37162784897914836,-37.146264620275019
4371.6022482485041,-0.0093816193625203183,-0.37038335317762749,-37.397454555359317
4391.8008925960858,-0.0092499377600359558,-0.36792203582149829,-37.65201003274808
4412.0928631911902,-0.011497342716867162,-0.36560237915405891,-37.908067360921365
4432.4785912403959,-0.011553992725584295,-0.36357968095472615,-38.165809074400116
4452.9585099426549,-0.011284355978949525,-0.36044055108273698,-38.432052169287061
4473.5330544984654,-0.010284209267294956,-0.35839818077685559,-38.694598782754838
4494.2026621191417,-0.010092397555035881,-0.35620498831700276,-38.969920862331819
4514.9677720361024,-0.010171884841794473,-0.35339000660582998,-39.236900632456617
4535.8288255101861,-0.012993113976458224,-0.3502975008766529,-39.510560762270927
4556.7862658410641,-0.011785076290237569,-0.3471603164685233,-39.792229926837884
4577.8405383766185,-0.010642650774585732,-0.34468842860700294,-40.070901000915782
4598.992090522439,-0.011000204745539342,-0.3412750055254315,-40.358071208647289
4620.2413717513127,-0.01211297036294199,-0.33932357638055288,-40.642951104032022
4641.5888336127773,-0.013317534631521868,-0.3359433825842017,-40.934540828542772
4663.034929742731,-0.012063165934594226,-0.33296124072011624,-41.231167632790431
4684.5801158730483,-0.011780115533115506,-0.3308975869105707,-41.52417055324122
4706.224849841281,-0.011204141754401636,-0.32793416159094568,-41.830994245949967
4727.9695916003911,-0.012397892961439713,-0.32414443569017604,-42.134817791987984
4749.8148032284998,-0.013648026730682715,-0.32084414570051017,-42.443459068176509
4771.760948938746,-0.012798189463549235,-0.31844564272832748,-42.753575158934922
4793.8084950891098,-0.012207642822631051,-0.31506665926431343,-43.06938384308981
4815.9579101923509,-0.01184901566357183,-0.31150315141060114,-43.391889326804105
4838.2096649259565,-0.011520551409479276,-0.30802399895688998,-43.717219090453213
4860.5642321421337,-0.013421085367495058,-0.30505377973257258,-44.044418460972679
4883.0220868778797,-0.013320560143929398,-0.3007190322071327,-44.375646173825189
4905.5837063650479,-0.012276553946946087,-0.29743399614265165,-44.716540178985525
4928.2495700405134,-0.013060736421063616,-0.29362699862715547,-45.057504024795122
4951.0201595563512,-0.012354772696522149,-0.28997918748556517,-45.401641543804246
4973.8959587900627,-0.013438988139009019,-0.28619409018273223,-45.748449363420605
4996.8774538548842,-0.015607637227662364,-0.28297488478768518,-46.102539633916535
5019.9651331100822,-0.014168915935561285,-0.27837431702057736,-46.46171859917817
5043.1594871713587,-0.013539772414215525,-0.27428381571980054,-46.823694603735852
5066.4610089212683,-0.012917321961217218,-0.27099137747474178,-47.193631844280389
5089.8701935196796,-0.012974148842362563,-0.26648780285095514,-47.569017702076394
5113.3875384143257,-0.01449374455799355,-0.26262551627365471,-47.943454760018668
5137.0135433513406,-0.018521229639679348,-0.25793871804309665,-48.328506021567691
5160.7487103859075,-0.014023615450105562,-0.25331035744808073,-48.720656124380433
5184.5935438929127,-0.01294914361330755,-0.24970967951457951,-49.113606675325272
5208.5485505776605,-0.013484364270359652,-0.24490305905053522,-49.509774771518664
5232.614239486662,-0.014192351553358313,-0.23997793485927912,-49.919942440999137
5256.7911220184224,-0.017022155649627876,-0.23438043383512328,-50.331511386257169
5281.0797119343315,-0.015383752492660541,-0.22944137875193613,-50.746297417837425
5305.480525369574,-0.01368006285816345,-0.22615315659104795,-51.17292387487079
5329.9940808440906,-0.014452533979486818,-0.22010504968010597,-51.60654073365928
5354.6208992736083,-0.014404719576141662,-0.2138433769298656,-52.038464724776446
5379.3615039807,-0.015331724161755322,-0.21001761343247602,-52.480963115963391
5404.216420705915,-0.018710228471777376,-0.20388015196339015,-52.933965644327827
5429.1861776189426,-0.016119572193825479,-0.19915105985195536,-53.393414016412954
5454.2713053298339,-0.014020526557795333,-0.19354189793070509,-53.851178799817717
5479.4723369002877,-0.014681161336573198,-0.18824169724798911,-54.320227766468044
5504.7898078549706,-0.014802405104039618,-0.18213713583235105,-54.799817623245431
5530.2242561929006,-0.016185731711410332,-0.17598392091558476,-55.288385005862636
5555.7762223988775,-0.018762520136376679,-0.17063686761395178,-55.780738618755549
5581.4462494549643,-0.015609035445214607,-0.16424564243621462,-56.283905109570114
5607.2348828520326,-0.014543167557484565,-0.15820485875810614,-56.781022168564689
5633.1426706013553,-0.014497668765400542,-0.15212152569450482,-57.306225872404084
5659.1701632462427,-0.015608359092810845,-0.14518937613165567,-57.833964605538142
5685.3179138737532,-0.016285226132532509,-0.13850269216573791,-58.371457777027622
5711.5864781264318,-0.019104896285707461,-0.13084679011494965,-58.916841935433048
5737.9764142141339,-0.025796213215992528,-0.12442904098929534,-59.473904668088679
5764.4882829258759,-0.016258238443319827,-0.11766748810294247,-60.036401784184434
5791.1226476417578,-0.01546335019602714,-0.11099350728742406,-60.612360384398627
5817.8800743449356,-0.015572900053591665,-0.10346112927806081,-61.194857491969856
5844.7611316336342,-0.015995316769482276,-0.096035520517374781,-61.791471413405361
5871.7663907332553,-0.018648936137091024,-0.087738740526532993,-62.401343162083592
5898.8964255084966,-0.023358405370667294,-0.079468789052715691,-63.022599489614706
5926.1518124755521,-0.016367623966871952,-0.072348411132095197,-63.64745513432964
5953.5331308143705,-0.016409239057444014,-0.063451634907389962,-64.283972377175672
5981.040962380941,-0.017064182917773531,-0.055005194446707886,-64.937280770461655
6008.6758917196867,-0.017415380605385701,-0.046198572051584397,-65.609163763787251
6036.4385060758668,-0.017441970713460288,-0.037622707595827011,-66.282747527422529
6064.3293954080618,-0.021214396049633745,-0.028392928620989216,-66.976786240573134
6092.3491524007122,-0.028220196773619262,-0.018959581548150552,-67.685361427486896
6120.4983724766998,-0.017695485267327161,-0.0098698456987165225,-68.398406382586671
6148.7776538100234,-0.017307291540631296,0.00093252123765571473,-69.1362636874739
6177.1875973384949,-0.0170526705420249,0.011822437740448697,-69.891584882880082
6205.7288067765003,-0.016992330954227444,0.020595669031510187,-70.653362878915544
6234.4018886278645,-0.019637408587839779,0.030859581037512802,-71.440674765434522
6263.2074521986897,-0.023772237925603977,0.041390227090857261,-72.2378440965782
6292.146109610344,-0.033062267751274244,0.052488575087873496,-73.047234083804142
6321.2184758124558,-0.017922270979413478,0.063374417925073367,-73.888063669521188
6350.4251685959616,-0.017411568082722571,0.07434453530656164,-74.739104025837804
6379.7668086062822,-0.017449845843834952,0.085112961297941492,-75.617824509863283
6409.2440193564544,-0.017999768798978626,0.098740677010517114,-76.511594582483056
6438.8574272404185,-0.020048860021727625,0.10923573017819899,-77.430184573700544
6468.6076615463271,-0.024908912892921402,0.12281895699575453,-78.362065616576615
6498.4953544698883,-0.033138654517693746,0.13612782950494712,-79.323303148261175
6528.5211411278478,-0.018879150465085589,0.14936705347573592,-80.304945179658887
6558.6856595714326,-0.017913427825172166,0.16189143193407263,-81.31679632090146
6588.989550799949,-0.017994619598122152,0.17576618072094274,-82.351518970202903
6619.4334587743942,-0.018961041176044875,0.18964485306082604,-83.40684832329913
6650.0180304311179,-0.020903511133303659,0.20399080689529009,-84.498646364742626
6680.7439156956152,-0.0246074349082031,0.21848219204728064,-85.613783278094047
6711.6117674962843,-0.03402981128996007,0.23279338855838969,-86.767883818178404
6742.6222417783429,-0.019156123357712673,0.24917017934112137,-87.937178931753238
6773.7759975177514,-0.019175700897336279,0.26445009667396402,-89.153147426435311
6805.0736967352059,-0.018116042915279486,0.27940592408493109,-90.40138832281697
6836.5160045102384,-0.018516594000376758,0.29552474176649474,-91.684477612720627
6868.1035889953046,-0.019029882491844265,0.31131477508179412,-93.007979617815977
6899.8371214300178,-0.02290527171819377,0.32856562542494006,-94.363314054604189
6931.7172761554084,-0.030171329816886951,0.34495547589187392,-95.779992156532998
6963.7447306282229,-0.029471119106652972,0.36246862047466938,-97.215284762792379
6995.9201654353747,-0.018421024861886289,0.38063861162719903,-98.714018933597089
7028.2442643083486,-0.018857017398848951,0.39753933851203987,-100.25494829012487
7060.7177141377724,-0.019563681845657033,0.41683893614159007,-101.84954034850617
7093.3412049879962,-0.019765409171428147,0.43415334699437769,-103.48950166441426
7126.1154301117458,-0.021624156178699068,0.45282416126839753,-105.18973616838696
7159.0410859648891,-0.025961805455630389,0.47071490579725672,-106.94916473786706
7192.11887222119,-0.035478139582051059,0.48810465118323121,-108.77575434456179
7225.349491787214,-0.027353858753409892,0.50799545263112122,-110.6794615282206
7258.733650817253,-0.020386193793564621,0.52583734608099164,-112.63081575901097
7292.272058728312,-0.019132560841998297,0.54218852415034546,-114.67188927629127
7325.9654282152296,-0.020145311980012095,0.55921704914958237,-116.80069306887975
7359.8144752657672,-0.020413402064479988,0.57605808297946337,-119.00457925972532
7393.8199191758658,-0.02178570196410972,0.59010946303946366,-121.29665452103575
7427.9824825649184,-0.027450441758899928,0.60387909510393445,-123.68539238165403
7462.3028913911076,-0.036205101607986789,0.61837694932069531,-126.19049286112352
7496.7818749668759,-0.026935877641989479,0.62728790329286976,-128.79169109212322
7531.4201659743712,-0.020627849110040741,0.63860335069694929,-131.5166168087336
7566.2185004810544,-0.019871412672625606,0.64522680526564413,-134.36614912042106
7601.1776179553308,-0.020687280972686573,0.64818072860298559,-137.3479862134219
7636.2982612822416,-0.020998741173199432,0.6470200955083466,-140.47740694963721
7671.581176779302,-0.022490700475281067,0.64123287972217013,-143.76335491135274
7707.0271142122992,-0.026273479385254331,0.63022051993595507,-147.22002589450631
7742.6368268112692,-0.035316270279729313,0.61095739700122564,-150.8382281260549
7778.4110712864895,-0.028910888174053122,0.58397796104933486,-154.66732827434606
7814.3506078445416,-0.020995952039145858,0.54673879655407576,-158.67963862458151
7850.4562002045086,-0.020919784939793084,0.49590861719640522,-162.92666806922023
7886.7286156141527,-0.020531335278359188,0.43190723081572041,-167.38202593337695
7923.1686248662527,-0.02103726409172724,0.3481705937901437,-172.11070741862281
7959.7770023149851,-0.020993223986685426,0.24576751187593462,-177.08168977968222
7996.5545258923466,-0.024521081656129942,0.11667537936972885,177.68707121897506
8033.5019771247353,-0.030316102154260265,-0.042676135976884105,172.15447375349325
8070.620141149504,-0.033311092857818032,-0.23289061146498657,166.36606635375514
8107.9098067316863,-0.025056518137438925,-0.46719064056681969,160.30795490988396
8145.3717662807458,-0.02201442895080671,-0.74245568865788691,153.92039565676205
8183.0068158673903,-0.020762872871820305,-1.0709762255535207,147.31366498357099
8220.815755240541,-0.020572314236871891,-1.4546029832887908,140.44039859491869
8258.7993878442685,-0.019954668778220854,-1.9005662143043243,133.32980529322737
8296.9585208349072,-0.021842147286488145,-2.4127778107086346,126.02001526465544
8335.2939650981953,-0.024962450011638968,-2.9966517965965211,118.54707843779852
8373.8065352664889,-0.032339369714266208,-3.6534489295844641,110.93242612150947
8412.4970497361192,-0.032525582948055097,-4.3916991704994217,103.21594048267087
8451.3663306847175,-0.025457283664429429,-5.2118415033201995,95.387194696955532
8490.4152040887475,-0.022280051871156052,-6.1130953902740739,87.508302604223431
8529.6444997410254,-0.022156457199323555,-7.10967070400606,79.619527809066099
8569.0550512683476,-0.022328153542781715,-8.1891243250083434,71.72181760989065
8608.6476961492444,-0.022328638410208827,-9.3714508030759465,63.801444355609597
8648.4232757317222,-0.022328362861764407,-10.651509367585184,56.008383475982932
8688.3826352511842,-0.025640541471692677,-12.031344880389716,48.223333556764359
8728.52662384838,-0.031180567185941418,-13.523891320249557,40.496814527724553
8768.8560945874269,-0.034823753135034038,-15.123875648403892,32.971070606757408
8809.3719044739901,-0.027520383139662201,-16.847759290569517,25.494117506238688
8850.0749144734345,-0.023337918031946348,-18.722188947834386,18.093049571032708
8890.965989529157,-0.022543741119186514,-20.708352813559788,10.918125094700997
8932.0459985809684,-0.023129613290917068,-22.892899805254604,3.7619137242913965
8973.3158145835205,-0.023175929729113229,-25.271731473624904,-3.0834912149280171
9014.7763145249173,-0.022244931005926814,-27.859644570323855,-10.065220806570707
9056.4283794452895,-0.024184935554330086,-30.7692276571516,-17.285941188269142
9098.2728944555583,-0.027324404876844597,-34.10397012400098,-24.158437227327738
9140.310748756232,-0.035818980832660725,-38.112724404831653,-31.509533961226794
9182.5428356562825,-0.033208345269169132,-43.128499476500323,-41.363082576963393
9224.9700525921744,-0.02638611786327856,-50.440857485757363,-61.179215873740951
9267.5933011468787,-0.023581662008315945,-58.570418430835502,-145.77299690171986
9310.4134870690741,-0.024607885231942749,-51.287809724561157,159.69666796247324
9353.4315202923863,-0.022813971430406303,-47.932523198525068,148.33544852638454
9396.6483149546966,-0.02325304011017992,-45.973593247296066,142.01959360496738
9440.0647894176036,-0.023270203542582933,-45.187995932879289,137.23124497586812
9483.6818662859223,-0.023674625453080706,-44.805330936850268,135.79177924309062
9527.5004724272894,-0.028201354249734398,-44.691436003658318,130.75270638601725
9571.5215389918667,-0.034653624727173024,-44.452344718845048,129.45538463580039
9615.7460014321005,-0.034250438745536134,-44.621117720338852,128.92484164072943
9660.1747995226451,-0.027834754528382438,-44.703177890054782,127.50322251529472
9704.8088773803011,-0.024799786802947723,-44.798850519363299,126.35582284726584
9749.6491834840872,-0.023216049503875891,-45.17213766660128,124.33624612981907
9794.6966706953954,-0.02344602990975099,-45.405154510546197,123.40361863253163
9839.9522962782321,-0.02434396004300916,-45.817062139034341,122.4134010932674
9885.417021919573,-0.02295129546307869,-46.390764283433171,120.234261466563
9931.0918137497956,-0.023492085522371888,-46.119439583090241,119.72841275183953
9976.9776423632011,-0.025756384439650001,-46.150845391322754,116.95147372449775
10023.075482838654,-0.029954612543379625,-46.420276260831272,114.9151153704493
10069.386314760275,-0.039073244746059659,-46.510434731748227,114.72616075838675
10115.911122238296,-0.031512744432818131,-47.339383127785098,110.78987731876185
10162.650893929946,-0.026189399510225427,-47.293111608419665,110.95760880721545
10209.606623060465,-0.023879753495633538,-47.624633724506296,104.70585566016996
10256.77930744422,-0.023293883090505695,-48.097684755832503,102.75671730285603
10304.16994950588,-0.024347855525561742,-49.007959348624624,97.089060923153738
10351.779556301763,-0.024422291573258599,-49.771372220573852,89.243774247756733
10399.609139541199,-0.023558605822507281,-51.035720672966598,89.158045794376051
10447.659715608042,-0.023841989094124175,-53.676833165377744,79.213441777367734
10495.932305582277,-0.025867774383618931,-55.877894251980827,70.145496322202831
10544.42793526169,-0.029920479323728245,-59.574516356177099,32.924841298327266
10593.147635183701,-0.038217444931797059,-60.103531871019243,-15.504732231004397
10642.09244064724,-0.032040097517204498,-60.860427047919018,-53.819082590325166
10691.263391734761,-0.026921490424941453,-58.932580075045692,-88.020748031730221
10740.661533334334,-0.024104672248453515,-56.090215956233735,-88.340579552601753
10790.287915161842,-0.023402220328345779,-57.138221210277493,-72.921776824897194
10840.14359178331,-0.024242599260393363,-66.043538903937659,-39.191158434174874
10890.2296226373,-0.024007253381487532,-54.212163811141295,32.115838530820113
10940.547072057425,-0.024166399611423972,-45.895589030784976,35.412469258061833
10991.097009294972,-0.024754657662508159,-39.639595091911616,29.279757819478775
11041.880508541608,-0.025027576910875097,-34.489779757931736,25.537856669440842
11092.898648952229,-0.026878615723623132,-30.463912669364973,19.94883482459295
11144.152514667876,-0.032286647049618027,-26.874863249477063,12.138924631606031
11195.643194838782,-0.039130539532368773,-23.663842772685694,4.0876270857567611
11247.371783647519,-0.031010705399211198,-20.737642386406876,-4.3505495763098558
11299.339380332223,-0.02713157982065327,-18.02784022834544,-13.686941645704678
11351.547089209989,-0.024808596874693851,-15.518858863794932,-23.520848753262371
11403.996019700324,-0.025165902382600604,-13.219243539370504,-33.876395883528147
11456.687286348715,-0.025317869153764792,-11.144720358704499,-44.518857591893664
11509.622008850323,-0.025309743706761006,-9.2962273859205169,-55.555754798165026
11562.80131207376,-0.024971844500701713,-7.6563056017456956,-66.904630314183251
11616.22632608502,-0.024432369955450742,-6.2282802759719127,-78.215322903183221
11669.898186171469,-0.024318490741438929,-5.014953753745055,-89.377719753975583
11723.818032865991,-0.025432309262152168,-3.9772221304917754,-100.23216341148832
11777.987011971192,-0.028912384321301131,-3.1153440279568496,-110.68572089938226
11832.406274583785,-0.036781617828372443,-2.3943550898013326,-120.62437816671078
11887.076977119033,-0.032735615572463461,-1.7989537648301961,-130.13668266069644
11942.000281335319,-0.027557328514055641,-1.3070156218785269,-139.05032761323321
11997.17735435885,-0.024855397000501513,-0.90118407963323,-147.51779701078198
12052.609368708427,-0.023724158196930623,-0.5766386356522889,-155.38640272086644
12108.2975023204,-0.024077186643019253,-0.30645153533742214,-162.82580997143748
12164.24293857368,-0.024020666847235764,-0.090310324422932672,-169.85235217520915
12220.446866314882,-0.024191703706641268,0.087918578069628744,-176.41106613346389
12276.910479883598,-0.024196460565352289,0.23262938012150297,177.38346783946147
12333.63497913776,-0.02474960979595105,0.34946851552793973,171.5596242886329
12390.621569479163,-0.024053331670816226,0.43821648082965869,166.08429613750531
12447.871461879062,-0.025032254091052756,0.50653289380145938,160.90455558361634
12505.385872903908,-0.028237549025875792,0.56314859543676854,156.02149323594267
12563.166024741207,-0.035267954669616575,0.60748999362875511,151.35296260022031
12621.213145225474,-0.034869818939853879,0.63450032746086338,146.96869719782495
12679.528467864346,-0.028145871233567578,0.65303424060373605,142.8042568722563
12738.113231864783,-0.023884269182262774,0.66267409705344671,138.86783476757626
12796.96868215941,-0.023913058897277573,0.66779680868699121,135.10430418297491
12856.096069432957,-0.023871021290625412,0.67381151463939393,131.51233894218208
12915.496650148838,-0.024263958419499812,0.66625830050450996,128.12671561241288
12975.171686575875,-0.023613055037517983,0.65379554304808296,124.87332699961782
13035.12244681509,-0.023906323476289598,0.63968918175305578,121.76149382212519
13095.350204826669,-0.023696229616487478,0.63009082747608136,118.82893809577314
13155.856240457046,-0.023925622312289726,0.61063988701136274,115.98348592036891
13216.64183946605,-0.023588679554831481,0.59254767488458593,113.26585854327051
13277.708293554297,-0.025317536151959294,0.5720933345072261,110.68489522651447
13339.056900390586,-0.028901719852471836,0.55416465019290373,108.1731241037792
13400.688963639501,-0.035601412357755213,0.5293362643196623,105.79657436412516
13462.605792989105,-0.034258305997762958,0.50624060769800217,103.48125735953664
13524.808704178753,-0.028054930397300101,0.48201747561926866,101.27797347578428
13587.299019027099,-0.024769480202784543,0.46037442600942047,99.14979639338793
13650.078065460139,-0.024013719279883414,0.43842378390158088,97.118059570156703
13713.147177539448,-0.024827396592852425,0.41270462775244482,95.131762868136448
13776.507695490542,-0.02465708491297822,0.39555928835161391,93.220521475756826
13840.160965731317,-0.02389733667998347,0.36868652389189632,91.377650262108375
13904.108340900702,-0.024364537344041218,0.34698752071700523,89.598641117311502
13968.351179887397,-0.025224711180522056,0.32745422837978216,87.87802273666415
14032.890847858725,-0.024378526317591569,0.30515560031191968,86.189507411952974
14097.72871628967,-0.023882891940578549,0.2791328993736335,84.591163315483058
14162.866162991988,-0.023117453831680325,0.26014600225071166,83.040636476472557
14228.304572143526,-0.024723727419050649,0.23726171289693032,81.532842614839197
14294.045334317609,-0.029257700115524719,0.22234012217191751,80.043177849456924
14360.089846512599,-0.036341349843244497,0.20172826294363921,78.627596590435544
14426.43951218158,-0.034410389311678988,0.18041901075064051,77.240506230195138
14493.095741262166,-0.027266876526129188,0.16243730886115737,75.868726161577655
14560.059950206494,-0.025841061872436455,0.14598634814294856,74.585649979910414
14627.333562011299,-0.023947520452727283,0.1262865240252323,73.305336026594503
14694.918006248165,-0.024337581328238714,0.10860438750758782,72.073160743004649
14762.814719093903,-0.023588541818489201,0.09165049300672537,70.866304186609511
14831.025143361043,-0.024565273463525224,0.075823521000822236,69.692405523006116
14899.550728528544,-0.024493796727224668,0.056947623913084416,68.556496899823628
14968.392930772556,-0.024279553861667125,0.042229540399657088,67.427285865776639
15037.553212997376,-0.024724893067118985,0.027028906461048424,66.348929057380417
15107.03304486655,-0.024860986981208949,0.012638685875565416,65.298855979186868
15176.833902834052,-0.0236328175947286,-0.0043859034435989709,64.253247724537459
15246.957270175737,-0.023306553448329485,-0.016862341328180298,63.223234833153967
15317.404637020798,-0.025190380126899586,-0.028900911547036966,62.246577839375661
15388.177500383457,-0.028720077302553482,-0.043167493703800068,61.292215170707308
15459.277364194777,-0.034756494547901293,-0.056985040953047988,60.345275582817393
15530.705739334599,-0.034457439981033969,-0.068534354830270525,59.413071963604139
15602.464143663688,-0.027596047300547759,-0.083091229383998766,58.516802991059784
15674.554102055949,-0.025250749246248056,-0.095057550964237458,57.627105579310751
15746.977146430869,-0.023959372039665739,-0.1034656348763234,56.757195832746277
15819.734815786007,-0.024346274370954435,-0.11634595919556691,55.916975061741717
15892.82865622978,-0.024309952577896171,-0.12873358513733077,55.088872547395781
15966.260221014258,-0.024332324334297838,-0.1389814864394783,54.267985690203432
16040.0310705682,-0.024314659502131561,-0.14885901512576671,53.464900126215085
16114.142772530198,-0.024177083728835633,-0.15822652528634742,52.687098040428964
16188.596901781984,-0.023843820650030094,-0.17011931469698466,51.919036726177445
16263.395040481922,-0.025606784609746264,-0.17798885334010106,51.165679329950827
16338.538778098613,-0.02447901974665247,-0.18906419254448481,50.438474260985345
16414.029711444662,-0.024439275820981182,-0.19775584462169621,49.707284962748957
16489.86944471065,-0.023621281112424827,-0.20663163280317923,48.990334466773447
16566.059589499142,-0.023641120353380736,-0.21617809797782339,48.293963016969627
16642.601764859035,-0.027241442262790759,-0.22357714634485132,47.612290674248982
16719.497597319893,-0.032465217596862814,-0.23251324551816149,46.924961845708964
16796.748720926531,-0.037878167764168476,-0.24089542575755857,46.257459721611518
16874.356777273759,-0.029691005093315001,-0.24858023333255358,45.605677302539235
16952.323415541203,-0.026426235653313968,-0.25543629801903484,44.965451014082731
17030.650292528444,-0.025036273073816839,-0.26230843548897909,44.345962145009864
17109.339072690145,-0.023710264823827865,-0.26880705434778929,43.727349655870313
17188.391428171457,-0.024451208784448508,-0.27606343512170389,43.104737380812054
17267.809038843559,-0.024286974485106316,-0.2824928129401395,42.512119330643031
17347.593592339315,-0.024396675284861082,-0.28981436134326971,41.905667634764768
17427.746784089191,-0.024701495444798938,-0.29575040888292026,41.332055518064521
17508.270317357241,-0.022978719863963746,-0.30409928605186998,40.753859588703804
17589.165903277328,-0.024666250104524726,-0.30955118459741959,40.182625867045715
17670.435260889466,-0.026520014787924463,-0.31500672460733503,39.637111273273945
17752.080117176349,-0.03200001066611316,-0.32086191220533994,39.081749024299
17834.102207100081,-0.023741650175226784,-0.32720156390686284,38.539032146326932
17916.503273639002,-0.023036246668497171,-0.33184708438014276,38.002396712134718
17999.285067824763,-0.024031563392027219,-0.337531211339958,37.479321118214131
18082.449348779515,-0.023871842782066895,-0.34266182716161331,36.956887613924891
18165.997883753276,-0.027066418841292281,-0.34630719611978084,36.446939400861552
18249.932448161522,-0.032045770310700536,-0.35460960221918436,35.934963001798508
18334.254825622898,-0.0352169391892612,-0.35882402393348045,35.450546255313043
18418.966807997109,-0.029258682597767538,-0.36193852654246039,34.949551953797751
18504.070195423021,-0.023790229734336296,-0.36827055920668644,34.46213295365132
18589.566796356874,-0.02262502718207644,-0.37129813131961387,33.992527608116426
18675.45842761076,-0.023151903908345883,-0.37671755061704726,33.514307839743381
18761.746914391206,-0.022725382120680409,-0.38106745657148999,33.048297119375803
18848.434090337953,-0.023054166720518649,-0.38613184469259343,32.589879513301106
18935.521797562953,-0.023932744310616677,-0.38776730673095999,32.140511874203469
19023.011886689448,-0.022257077040817825,-0.39289683796979824,31.668483774068363
19110.906216891381,-0.022117134671204547,-0.39547223186768571,31.239201303963718
19199.206655932838,-0.02337408003127505,-0.40074515544321487,30.790957477257493
19287.915080207775,-0.026187304478836756,-0.40491198569747322,30.352523540226755
19377.03337477989,-0.033691274834146759,-0.4083654562911716,29.922750987507555
19466.563433422623,-0.032541163861415694,-0.41439640006356188,29.498035875800642
19556.507158659493,-0.023884665984006077,-0.4143077341014646,29.085188067250868
19646.866461804453,-0.02407786875160952,-0.41843611902973665,28.663091650178032
19737.643263002556,-0.023436641761381119,-0.42034464792375353,28.255504964217067
19828.839491270715,-0.023001746507794428,-0.4237980019867964,27.838504827022909
19920.457084538702,-0.02323092400449743,-0.42703839628592488,27.419926449633806
20012.497989690371,-0.026888502248963216,-0.429071695775887,27.037913949863693
20104.964162604978,-0.034818649702877305,-0.43064428962425205,26.64968710062476
20197.857568198786,-0.032992566700204895,-0.43685877408181828,26.250616417290658
20291.180180466781,-0.027019294551089857,-0.43762671480978432,25.871520899044569
20384.933982524632,-0.022184047755294277,-0.44196842959510685,25.479601623820855
20479.120966650855,-0.021714629726880503,-0.4469509494988877,25.103448310429883
20573.743134329125,-0.022271998359601839,-0.446818621115534,24.703137028868014
20668.802496290831,-0.02325193962082326,-0.45185995885478608,24.36355873908974
20764.301072557748,-0.023092458226976077,-0.45376005419165022,23.986020308831712
20860.240892485039,-0.022537204824415614,-0.45290326615951604,23.609744748059455
20956.623994804329,-0.021848934296886988,-0.46001709206893604,23.260034482524844
21053.452427667049,-0.023024635599670523,-0.46017004769310149,22.885695557856067
21150.728248687959,-0.023002405888876556,-0.46587987496572869,22.549916618275716
21248.453524988829,-0.027601092077734309,-0.46422222255400741,22.181680536935843
21346.630333242443,-0.035541469174518427,-0.46425151194278252,21.82848471497222
21445.260759716675,-0.029777411607125399,-0.46938619497991724,21.489379890937641
21544.346900318833,-0.024764683944708404,-0.47134769574633911,21.138271945458754
21643.890860640215,-0.021826323949622677,-0.46897949770844038,20.79017186047119
21743.894756000802,-0.022214788027227685,-0.47263404648792923,20.490123980972243
21844.360711494275,-0.022320147325656084,-0.47485820180407035,20.131649976295094
21945.290862033136,-0.022149890328244354,-0.47904093622701482,19.818473341790195
22046.687352394089,-0.020637437586549186,-0.47638560659463675,19.465905198693221
22148.552337263605,-0.022886040086736722,-0.47871493623727274,19.15127601871761
22250.887981283693,-0.026909879951306819,-0.48482332248328897,18.806410817835058
22353.696459097955,-0.035023515982852707,-0.48603420697848404,18.482725527640241
22456.979955397739,-0.030107640878791045,-0.48497481105489065,18.196231707166739
22560.740664968605,-0.023479796297980603,-0.4874283605340175,17.845220138341617
22664.98079273694,-0.02119741683097822,-0.48707979930995182,17.551537786249575
22769.702553816802,-0.020655045795576234,-0.49109808570666069,17.22514263217095
22874.908173557029,-0.021054832630973994,-0.49370944988705917,16.89154141047257
22980.599887588509,-0.021910972195358036,-0.48944253056693193,16.611229975312128
23086.779941871686,-0.021270498739728229,-0.49632596645186244,16.288967609312635
23193.450592744284,-0.020945073797450892,-0.49620971741844827,16.00041169523962
23300.614106969246,-0.020302752360121492,-0.49402001357367059,15.694848011220422
23408.27276178293,-0.020835447352929325,-0.49734326380074556,15.399935703874206
23516.428844943486,-0.022563913666172858,-0.4974983744933702,15.100554383369769
23625.084654779464,-0.026798719645335051,-0.49805297008061811,14.787398439009607
23734.242500238674,-0.03610637783707718,-0.49815585930045947,14.490030059377567
23843.904700937204,-0.026849519699279088,-0.50174464401331398,14.208305442471158
23954.073587208783,-0.022373563175827532,-0.50462289788549497,13.921741281953757
24064.751500154242,-0.021250255272241662,-0.5020323778825162,13.621254470390511
24175.940791691297,-0.02022707738648942,-0.50280902639359326,13.331709290109529
24287.643824604518,-0.020397713498697987,-0.50637475459878367,13.029032726571522
24399.8629725955,-0.02098043091077138,-0.50524772072384971,12.763950233274707
24512.600620333385,-0.020209846569183072,-0.50456968519462397,12.477983543728541
24625.859163505469,-0.020188587782931294,-0.5061843763840187,12.180369263295461
24739.64100886813,-0.019212330471401296,-0.508952697536458,11.903605855782118
24853.948574298,-0.022037734411739375,-0.51031010815238076,11.627182536248775
24968.784288843268,-0.023540201944862654,-0.5090040355818527,11.361464482566006
25084.150592775401,-0.028248195221867136,-0.51005412367716674,11.087604415228867
25200.049937640924,-0.034858787144157272,-0.51020237905302501,10.812801274361149
25316.484786313544,-0.026838462762736458,-0.51059137079832073,10.532830940937199
25433.457613046496,-0.021308010013364586,-0.5148524176187057,10.259824664227002
25550.970903525071,-0.019016077843294524,-0.51315311856821455,9.9940167219052185
25669.027154919506,-0.019572037559751017,-0.51255537903564197,9.731588103385775
25787.628875938008,-0.019458271560177657,-0.51400220958337561,9.45968366820345
25906.778586880075,-0.019156345111242271,-0.51540518839999128,9.2034340471821423
26026.478819690059,-0.019432363828829968,-0.51345189378208211,8.9284990950668615
26146.732118010925,-0.018680529707115041,-0.517160661910262,8.6577312061638487
26267.541037238367,-0.018963643712126662,-0.51699915115591522,8.4013653260188761
26388.908144575104,-0.019187637994887059,-0.51727145488390203,8.1419805214863601
26510.836019085378,-0.022831371618593416,-0.51804154453493545,7.8850082414796532
26633.327251749823,-0.027372918213686596,-0.51816800543778008,7.6356360620487891
26756.384445520453,-0.030538963483520039,-0.51856178165752709,7.363248453594224
26880.01021537606,-0.023085612559965597,-0.51723582431463555,7.1185757478640923
27004.207188377728,-0.019511813128447426,-0.519857445761429,6.8598033565973537
27128.978003724656,-0.018726188949010535,-0.51818791704826883,6.5908158410949227
27254.325312810292,-0.019698527637062153,-0.51925980498811319,6.3449731973771009
27380.251779278577,-0.019962162976323125,-0.51913630303139569,6.0889530360106763
27506.760079080661,-0.018432445092702334,-0.51948201182749421,5.8503545065019864
27633.852900531696,-0.019231165071616735,-0.51921521623869338,5.5921239737393478
27761.532944368013,-0.01753512350346579,-0.52021064634901903,5.339624888606977
27889.802923804407,-0.017925492945545431,-0.51936853234872316,5.0830822246069118
28018.665564591956,-0.018216944884365403,-0.52129296626862065,4.8490920398377426
28148.123605075798,-0.017130251914986603,-0.52180264812330024,4.5922499160153905
28278.179796253411,-0.017592371590961699,-0.52069136758952406,4.3470523506593821
28408.836901833041,-0.01811537501344623,-0.52007560838582945,4.1028385258686217
28540.097698292389,-0.020580185311435458,-0.51946449608265777,3.8633084223885135
28671.964974937699,-0.026194265927554746,-0.52081798937483526,3.6095725367205489
28804.441533962967,-0.030850438110471414,-0.51982124889930059,3.3675100921771275
28937.530190509504,-0.022834646705799558,-0.51898118280729666,3.1204901145258361
29071.233772725784,-0.020666059451394176,-0.51963593077341319,2.8789756427960995
29205.555121827463,-0.017176175459337577,-0.52087964260063135,2.6439159649754487
29340.497092157868,-0.01567795807212918,-0.52025195970621174,2.3912604478983397
29476.062551248571,-0.016661698452538627,-0.51972630861962221,2.162389482111017
29612.254379880342,-0.016224686943443301,-0.51980969798570853,1.921320576406643
29749.075472144403,-0.017993584518672556,-0.5191373531615896,1.681588814780687
29886.528735503842,-0.015968964171532086,-0.52013924994994865,1.4448866221433576
30024.617090855492,-0.016579984431326366,-0.51861888561729952,1.2074020440994673
30163.343472591958,-0.016301980041882169,-0.51829720327692386,0.97858908940690981
30302.710828663963,-0.021975974964165385,-0.51560877440887198,0.7433017829328179
30442.722120643029,-0.02593609565013932,-0.51835642543384974,0.50840388270163217
30583.380323784331,-0.027331085241826519,-0.51702420236314794,0.26490093270757598
30724.688427090037,-0.020436726254156618,-0.51617466616257524,0.027725244945969507
30866.649433372728,-0.016396996773421157,-0.51538319192316562,-0.2005356749906646
31009.266359319266,-0.014397842160926598,-0.51719583276423409,-0.4302969953269411
31152.54223555488,-0.015478115779801287,-0.51606260001290982,-0.67146368339700757
31296.48010670752,-0.015352568580794757,-0.51599718462109878,-0.90670069944403053
31441.083031472648,-0.016811626884007756,-0.51458092041559755,-1.1360713228931978
31586.354082678175,-0.015701826922131179,-0.51577896546311497,-1.3597850791910986
31732.296347349766,-0.014504901495284423,-0.5153511815916435,-1.5948421969676616
31878.912926776458,-0.015760943553427689,-0.51438830042285033,-1.8236235530178249
32026.206936576516,-0.018509354533013188,-0.51465326273950673,-2.0609055288228859
32174.181506763714,-0.024012976863002175,-0.51215800774101505,-2.2914337370921629
32322.839781813789,-0.027248329182482128,-0.51165549232350716,-2.5009077018475381
32472.184920731288,-0.018533871464400366,-0.51294193343228278,-2.7391324902793315
32622.2200971167,-0.014101914241036725,-0.51106091150308541,-2.9697425326595521
32772.94849923384,-0.014619364251835304,-0.50943422452161435,-3.1976578566760239
32924.373330077688,-0.015150298406116591,-0.50868905945671439,-3.4314795411448245
33076.497807442407,-0.015455023875986396,-0.50957197901850393,-3.659253093096007
33229.325163989713,-0.014733273265657654,-0.50951772159484288,-3.8894971804419591
33382.858647317611,-0.020316970820018806,-0.50871996920912577,-4.1108598546220918
33537.101520029304,-0.027658311215872797,-0.50659898104835355,-4.3357753959679721
33692.057059802668,-0.021468740550010704,-0.50664971779868484,-4.5639427337753489
33847.728559459814,-0.01671156889533559,-0.50381851666824196,-4.7852983142800252
34004.119327037064,-0.015010537819624116,-0.50457592973832721,-5.0147026544597821
34161.232685855284,-0.012200727013968956,-0.50530010943872528,-5.2415385068768501
34319.071974590443,-0.012857911678560891,-0.50336786372795395,-5.466680140034299
34477.640547344643,-0.013834590789114379,-0.50404387904812187,-5.6896909135911073
34636.941773717328,-0.014005633984537391,-0.50256994512559694,-5.9172930972052029
34796.979038876911,-0.013034312215945955,-0.50110727099056296,-6.1386094760162422
34957.755743632748,-0.013363615735137294,-0.50037475682009402,-6.374131215275213
35119.275304507297,-0.013226861817775793,-0.49874976329754583,-6.594111852832782
35281.54115380883,-0.014356525171989671,-0.49812378117706346,-6.8157290423249464
35444.556739704334,-0.019057629982382026,-0.4965607422313788,-7.0428236726153273
35608.325526292778,-0.027841408738760086,-0.49710350891399918,-7.2563544754159111
35772.850993678738,-0.018153072969686632,-0.49690385848050056,-7.4763783423505004
35938.136638046279,-0.012314572310738859,-0.49467996331364084,-7.7007850498453934
36104.185971733372,-0.011148583700427633,-0.49430870385853454,-7.9298968017747882
36271.002523306459,-0.011931297445305826,-0.49257431212664743,-8.1508949712210779
36438.589837635445,-0.012012705110219603,-0.49375836752135244,-8.381185924116437
36606.951475969021,-0.01215266401162312,-0.49088830828239438,-8.5998275750400097
36776.091016010323,-0.010217918292392054,-0.49020093857709668,-8.8310866015814184
36946.012051993028,-0.011592380930798951,-0.48701765443583933,-9.0416931981471507
37116.718194757646,-0.010113956493763487,-0.48726659473238204,-9.2695886143855972
37288.213071828359,-0.012406540548059362,-0.48631614862817751,-9.4906194313353822
37460.500327489928,-0.018085956269685666,-0.48525026140130778,-9.7296786565873674
37633.58362286535,-0.026976482279905227,-0.48455742830924237,-9.9432529983859581
37807.466635993493,-0.016684488063071597,-0.48357499615707683,-10.16436424303015
37982.153061907346,-0.01109112868193721,-0.48424735780232098,-10.397425627898087
38157.646612712502,-0.0093613260547534809,-0.48281671873979887,-10.606850602250027
38333.951017666011,-0.010571040422242318,-0.47872605073467722,-10.823854919410991
38511.070023255706,-0.011320306309766921,-0.47813641026154208,-11.060502360897672
38689.007393279753,-0.009981670128895774,-0.47773116738355831,-11.268761323444167
38867.766908926656,-0.0099417287452412302,-0.47361587165998026,-11.502752488397633
39047.352368855623,-0.0097559686521068913,-0.47458252891350616,-11.725692344500658
39227.767589277195,-0.0091760389484104726,-0.47432624242798016,-11.964634785281419
39409.016404034497,-0.0091327848226488238,-0.47246892778691008,-12.152134720916564
39591.102664684586,-0.0088104821394828867,-0.47104929633377279,-12.412143148358595
39774.030240580352,-0.0089777058448187036,-0.47090258785754119,-12.602332705857805
39957.803018952713,-0.011089543842722597,-0.47002650232041504,-12.831230239231168
40142.424904993219,-0.018387668794676491,-0.46595932915754418,-13.065403182835261
40327.899821937077,-0.022859766466106754,-0.46460965505392243,-13.284778724567673
40514.231711146473,-0.012211491544698316,-0.46419825144506965,-13.515825337973666
40701.424532194367,-0.0088987902989615952,-0.45689928044019806,-13.727857631309629
40889.482262948623,-0.0087047518848745523,-0.45627068542078847,-13.950708962278597
41078.408899656468,-0.0078150660671450767,-0.45790713707341657,-14.179631208925777
41268.208457029534,-0.0087309144352124852,-0.45476741677315219,-14.380001920479323
41458.884968329112,-0.0073927082964292843,-0.45364160374363827,-14.63005303162879
41650.442485451829,-0.0069429448416932068,-0.45630737632643159,-14.879376938010257
41842.885079015825,-0.0081434310397262635,-0.44843969818918117,-15.062508169332204
42036.216838447137,-0.006767758143169305,-0.44973050438127593,-15.322631596436047
42230.441872066745,-0.008011912078120801,-0.45086140631746291,-15.545516469214341
42425.564307177774,-0.010904162890931645,-0.44325336069500354,-15.744265784503014
42621.588290153231,-0.015255019613305956,-0.44528424029280211,-15.980379098432877
42818.517986524137,-0.017748048610082754,-0.44104762439286671,-16.182251423122182
43016.357581067947,-0.0098162406958766258,-0.44265141977339489,-16.439829446680733
43215.111277897646,-0.0066351455495313435,-0.43716066320561953,-16.666684407878066
43414.783300550924,-0.0065968050426748435,-0.44110777423304653,-16.864758093096171
43615.37789208004,-0.005964685353916685,-0.43296237742572269,-17.124809805230967
43816.89931514192,-0.0059591776101354339,-0.43227048683887798,-17.338879149854449
44019.351852088745,-0.0058220238173775432,-0.43158261855699365,-17.54202154266919
44222.739805058991,-0.0063054758630754154,-0.43369141541372891,-17.761623189785951
44427.067496068827,-0.0045170677155185936,-0.430838895737084,-18.001154765156365
44632.339267103947,-0.0046000622265630784,-0.42314545356730138,-18.247851385193592
44838.559480211887,-0.0078234405420851069,-0.42348551892649405,-18.482393486896328
45045.732517594581,-0.013878596837328182,-0.42250458598174806,-18.72532096809654
45253.86278170169,-0.014593486908250231,-0.41968086425903522,-18.933510141659866
45462.954695323991,-0.0077718305379476764,-0.41732988910144431,-19.152193734683934
45673.012701687447,-0.0054096480998912771,-0.41726442436242495,-19.38786919658682
45884.041264547595,-0.0031948867544410774,-0.41327133887461454,-19.614770117327879
46096.044868284334,-0.0030396683933987092,-0.41364440690849236,-19.837155066978809
46309.028017997392,-0.0036260349509585031,-0.41297472301090327,-20.096424412821648
46522.995239601893,-0.0042511936376951618,-0.40878975111456239,-20.316172582959368
46737.951079924613,-0.0032172269916643389,-0.40802479929053492,-20.525609055621146
46953.900106800604,-0.0018806663514464817,-0.40234384775670418,-20.776424306776079
47170.84690917017,-0.0040857656133734231,-0.39933969690782067,-21.011868682004348
47388.796097176535,-0.0074011121419226139,-0.39870653637135767,-21.245681417858236
47607.752302263681,-0.018881840078439779,-0.39999572190386146,-21.48221239837024
47827.72017727483,-0.0085311173188389079,-0.39304595620380478,-21.703745354789092
48048.704396551315,-0.0034555347596547823,-0.39408742754659332,-21.932207815764286
48270.709656031831,-0.0015559113670774078,-0.38959918399765431,-22.176523346682597
48493.740673352353,-0.0012193052373046423,-0.39092374123513435,-22.396321624784292
48717.802187946305,-0.0021901784739197933,-0.38415247434425415,-22.628169291937521
48942.898961145314,-0.0020056160039173205,-0.38279551232007114,-22.855011090993258
49169.035776280289,-0.0015867082687688421,-0.37796930572725046,-23.108206557725481
49396.217438783206,7.4241429456178162e-05,-0.38177411542062867,-23.334198755448099
49624.448776289159,-0.00046828778143684152,-0.37564690415904545,-23.565757372532431
49853.734638738941,-0.0011981784198265705,-0.3723559635364011,-23.805136936203525
50084.079898482123,-0.0061129756869133748,-0.36740984223146561,-24.049740703683185
50315.489450380548,-0.014806765085238342,-0.3691785120839341,-24.303087294577807
50547.968211912412,-0.0095894777818672696,-0.3639544747014607,-24.52142126791415
50781.521123276732,-0.0029917349595333575,-0.36212989751096236,-24.758237659243978
51016.153147498335,0.00062345871363468316,-0.36062174762232413,-24.987785220159466
51251.869270533323,0.00032415947475140678,-0.35493581030995119,-25.247937029011396
51488.674501374953,0.0010866227860890892,-0.35309528591057487,-25.476805983236162
51726.573872160188,-0.00056669554124299853,-0.35056683854688081,-25.703625070134407
51965.572438276598,0.0012161808323040272,-0.34893684683598947,-25.972926747306531
52205.675278469753,9.3093901446691664e-05,-0.34576518417262553,-26.211530924135026
52446.887494951188,0.00090038381811861608,-0.34218786615701324,-26.458268322488621
52689.214213506741,0.0014234505730120132,-0.33981990034588122,-26.676037345382113
52932.660583605619,0.00051155878189707656,-0.33767469285677354,-26.922372076623162
53177.231778509689,-0.0043130145951741578,-0.33557593909137839,-27.189766776090789
53422.932995383519,-0.013553160382294878,-0.33083473304087724,-27.418965940879005
53669.769455404756,-0.0030515667404894774,-0.32620120632503186,-27.665779654134337
53917.746403875019,0.0013386313069995261,-0.32500437704665186,-27.913626794274137
54166.869110331514,0.0028696673834503255,-0.32180719082711612,-28.161691111872475
54417.142868658906,0.0029513388359859133,-0.3174402345627515,-28.399338109506367
54668.572997201802,0.0032708851913137152,-0.31465057546909919,-28.649638902165691
54921.164838877892,0.0044719159155839861,-0.31437672693501334,-28.911837508892503
55174.923761291262,0.0045241842046244724,-0.31007637846256675,-29.137112910998347
55429.855156846686,0.0055143715659734787,-0.30673586772866007,-29.392870074699921
55685.964442864111,0.0032440265620312077,-0.30206791262903449,-29.634494241800212
55943.257061693774,0.0019941813976069129,-0.29938091783521725,-29.897213764387583
56201.738480831875,-0.002601404212020062,-0.29515880517425702,-30.15463037125096
56461.414193036697,-0.010890424818023957,-0.29300209480576039,-30.395974635870154
56722.289716445441,-0.00058543636966737619,-0.29016979259701947,-30.663351039761608
56984.370594691391,0.0025493791608314602,-0.28627987670230381,-30.91398523413563
57247.662397021784,0.0054328879751260762,-0.28165499832795582,-31.161520002637111
57512.170718416135,0.0047154974655661082,-0.27925726549284624,-31.392748412412089
57777.901179705041,0.0050710033122563147,-0.2763107681811971,-31.658479985384034
58044.859427689778,0.0045302378224710595,-0.27181311597878194,-31.914687049197966
58313.05113526222,0.0059639405693216047,-0.26474425932016366,-32.171446463648294
58582.482001525357,0.0056125862560464038,-0.2640777718329711,-32.42843876537971
58853.157751914507,0.0074529279819181881,-0.26100355179683987,-32.686925378885007
59125.084138318787,0.0035426560561784984,-0.25855300527136765,-32.948984926468533
59398.26693920356,-0.004357278632271467,-0.25096063569241717,-33.201582139647002
59672.71195973314,-0.00070284887769120515,-0.24976982400431227,-33.482414252992484
59948.42503189409,0.0048340088462302221,-0.24402930131939177,-33.711169609256658
60225.412014619287,0.0072445580577701063,-0.24278844849173586,-33.964464882692262
60503.678793912208,0.0091049061792168162,-0.23931762661336883,-34.265397153291076
60783.231282972294,0.0074080176186816001,-0.23409266278902774,-34.494462292396584
61064.075422320399,0.0081067471177105419,-0.2236898923025179,-34.798040876278542
61346.217179925057,0.0084511355143117514,-0.22685930172049146,-35.042107667531155
61629.66255132942,0.0084094671967470096,-0.22055167475952348,-35.312488030643067
61914.417559778449,0.0081873582724137639,-0.21706323067424255,-35.577536034655331
62200.488256347118,0.0051703668785705124,-0.21302803684278149,-35.822588898989764
62487.880720068912,-0.0032555694652355608,-0.21311497511892899,-36.107623378142378
62776.601058064996,0.0025726240870993953,-0.2068778859557284,-36.344392368530521
63066.655405674057,0.0072344978268457137,-0.1942306629731898,-36.629136691197928
63358.049926582506,0.011844289279584407,-0.19357159283132314,-36.923470347290333
63650.790812955718,0.010288599569009101,-0.19014622515452945,-37.181976918833072
63944.884285569402,0.012280578211874076,-0.18581302515730569,-37.438470602406937
64240.336593941902,0.011172348181017863,-0.18217552019216565,-37.735819868271776
64537.154016467022,0.0091176086969760664,-0.18038157997346099,-37.987947401670596
64835.342860547244,0.010960343758421223,-0.17684135128719991,-38.286184647901152
65134.909462728028,0.012087876527493956,-0.17052100169621681,-38.561021987719798
65435.860188832332,0.010663684697370064,-0.16143758678568351,-38.821406885712577
65738.201434095885,0.01110524102377315,-0.15937754410389482,-39.124532129024232
66041.939623303042,0.01210489989645111,-0.15469428459321072,-39.357095224839121
66347.081210923468,0.012130325105029914,-0.15601783428633981,-39.660473244028339
66653.632681249132,0.0091973075560410344,-0.14490375836580208,-39.934241778461882
66961.60054853218,0.0022525259499737711,-0.14054548755811463,-40.191216731186813
67270.991357123406,0.0013060134570248788,-0.12991243297266117,-40.509270137428871
67581.8116816111,0.0093431338218534915,-0.1309266886698123,-40.792039727289939
67894.068126961094,0.011931648353842904,-0.12268558057804349,-41.094187133677025
68207.767328656861,0.013992362923310388,-0.11971903534211591,-41.323064171613325
68522.915952840616,0.013664089438426943,-0.11495143781548769,-41.633373619081055
68839.520696454987,0.014613775868103026,-0.11320393991127284,-41.968137498452421
69157.588287385253,0.015070111553893845,-0.10523797474536739,-42.182773880976271
69477.125484602366,0.015293827200165715,-0.097808884945231322,-42.465838923174935
69798.139078306602,0.015047324589002136,-0.09223888980920511,-42.766296885976061
70120.635890071804,0.013842854810806847,-0.091487293325321642,-43.108603615015454
70444.622772990406,0.014492918359393221,-0.086604279503036258,-43.375731992554158
70770.10661181889,0.010437938557745687,-0.080577652335433667,-43.69635615703244
71097.094323124344,0.0024587874244085895,-0.075544546600800039,-43.968292768283639
71425.59285543127,0.0072879624209774103,-0.073037655789737532,-44.255846953177141
71755.60918936925,0.015178248706025535,-0.062825737936062706,-44.536381254104953
72087.150337821397,0.015286306940525201,-0.057647677853958232,-44.851632774751735
72420.223346073151,0.016957300112674691,-0.051830516561212896,-45.147775838973374
72754.835291962285,0.01712281388293559,-0.046801802367285761,-45.434596941335322
73090.993286029101,0.017539657308905183,-0.038981799204019028,-45.733385308111622
73428.704471667617,0.017405553720891614,-0.034945866867772762,-46.072308946499419
73767.976025277356,0.017729218762635245,-0.031419579200919846,-46.361872022276444
74108.815156415701,0.017784475521123243,-0.021871524124998563,-46.669392106509534
74451.229107951382,0.017982879379488517,-0.015762987787416749,-46.940299298033068
74795.225156218221,0.013102563674826762,-0.0078173808224952755,-47.2596855725957
75140.810611169669,0.0064419836521893547,-0.0016306407976544801,-47.583838504320525
75487.992816534359,0.0083213512840522273,-0.0007355158434987465,-47.881723744511902
75836.779149971917,0.016724493796405462,0.0052044716486268879,-48.195421262552486
76187.17702322996,0.017332071780642475,0.015043427832032448,-48.499131820636293
76539.193882301479,0.021292358808662686,0.022620422836431148,-48.807018642341234
76892.837207583099,0.018673378411768391,0.027465756472817463,-49.118492075370945
77248.114514034038,0.017869966172543324,0.035452238913772027,-49.461484235754838
77605.033351335704,0.018827564589871077,0.041310539874779048,-49.755751110575808
77963.601304052339,0.020132651301999004,0.044472662114709127,-50.047745906640031
78323.825991791964,0.019765733959414413,0.050695644864955897,-50.389658897044356
78685.715069368482,0.018329851202443449,0.063104237920210957,-50.70141329348759
79049.276226964255,0.013244432231794067,0.069993628449583206,-51.030098300697503
79414.517190293394,0.0083874853534646049,0.077100156012973681,-51.373473095454116
79781.445720766249,0.015779694755255969,0.080363768889033182,-51.695324250703109
80150.069615654051,0.02129396606497129,0.085190094390241278,-52.012736070330703
80520.396708254731,0.022904590377327026,0.089431817807834338,-52.322954894797846
80892.434868059427,0.021623207848233478,0.10358527140010537,-52.657948776056941
81266.192000919458,0.021173802412443567,0.11065949106810551,-52.995021497504467
81641.676049214671,0.02270738583158867,0.11452030519773783,-53.281833792673979
82018.894992022033,0.023263836071991631,0.12282670178225363,-53.632052726735921
82397.856845285161,0.022306370836701138,0.13089872559361335,-53.987976028905322
82778.569661984773,0.021189262310822164,0.13438426829550731,-54.332797469815425
83161.041532309624,0.015215049394322729,0.14382014433111981,-54.674171926062137
83545.280583828673,0.012049383987298309,0.1529369099955023,-55.005855917514978
83931.294981663639,0.0215034724690083,0.1540695399287059,-55.31937078534672
84319.092928662547,0.023228640860662609,0.16895728539781482,-55.658873563071914
84708.682665574059,0.024413997590966786,0.17245677864819164,-55.989851993744736
85100.072471222462,0.023863833912520154,0.18086956862457781,-56.341017561004037
85493.270662683804,0.023845343813791456,0.19570745162404288,-56.699019660408908
85888.285595462497,0.025959057926042084,0.20125084915962446,-57.02864700094765
86285.125663668921,0.025191349062339653,0.20922427712020911,-57.399898846472198
86683.799300197788,0.02496961138399649,0.21623643385310878,-57.720581738865732
87084.314976907233,0.018793048995052658,0.22041702439153438,-58.080904130296545
87486.681204799097,0.0094406916810406624,0.23597023238748158,-58.413114013588668
87890.906534199545,0.022591086917391659,0.23487942361319691,-58.740223659090873
88296.999554940907,0.024753474476057927,0.24674809428015038,-59.136020514470587
88704.968896544073,0.026188546990696442,0.25098069861970362,-59.479938377873864
89114.82322840202,0.025445667378855043,0.26203026946288749,-59.802524622038291
89526.571259963966,0.02591188720185484,0.27058462648941917,-60.218241552910015
89940.221740920446,0.027258834038250419,0.27890857921972206,-60.553849325308079
90355.783461389292,0.028381366892704124,0.29350086848627988,-60.855602000864678
90773.265252102283,0.02678777519099005,0.29466382869083357,-61.305125371686941
91192.675984592992,0.022311316704167996,0.30930050490866573,-61.624536452439145
91614.024571385162,0.012606253357232186,0.31580520899843179,-62.011379956582758
92037.3199661822,0.025615937545134602,0.32183974746808208,-62.38358466854271
92462.57116405743,0.028594549486478504,0.33342901964977789,-62.713873683958326
92889.787201645027,0.028758045216712193,0.34328087928753226,-63.112354503104868
93318.977157332381,0.027788488584260543,0.35582777859063358,-63.448090960787979
93750.15015145285,0.028990076106539742,0.36161965832417042,-63.840223920333408
94183.315346479518,0.02939035906059213,0.37544119031516077,-64.282369980134888
94618.481947220018,0.030484037176462427,0.37499292595317263,-64.618380536379775
95055.659201011964,0.02452219973034768,0.39160895735585244,-65.011223378806989
95494.856397919662,0.017024326303174284,0.39926316566962827,-65.37167275125438
95936.082870931423,0.022395372594240667,0.40613954857199275,-65.763376835421823
96379.347996157856,0.030494482396273691,0.41525175226279698,-66.172713463696226
96824.661193031236,0.029937377940813199,0.43460990910389841,-66.568055951194225
97272.031924505427,0.02960221928153095,0.44083180269393718,-66.936564644827854
97721.469697257242,0.031733156107198186,0.450582888956153,-67.320658627623843
98172.984061888361,0.030478943621205751,0.45778105884118009,-67.723597169008642
98626.584613128216,0.031916757456374359,0.47215383804046085,-68.098757348642266
99082.28099003798,0.030726302918640688,0.4837992588562755,-68.500370177606996
99540.082876215238,0.028608763110190245,0.49622013715199376,-68.904725350422723
100000,0.028165143386490867,0.5010693749090136,-69.261574756018902
