f,v1,v2
7000,-0.0050135998793093411,-0.87941188318059349
7004.3389562684388,-0.0041946951975137467,-0.87993819913302485
7008.6806020428057,-0.0043298501020309884,-0.8816675047591187
7013.0249389901956,-0.0046752099551387464,-0.88390120578764897
7017.3719687787325,-0.0044751260487642898,-0.88478190881743868
7021.7216930775749,-0.0042927817139122946,-0.88656818101885726
7026.0741135569206,-0.0045349912182315721,-0.88850002615554002
7030.4292318879961,-0.0045547078226034583,-0.89058663838183705
7034.7870497430713,-0.0049304906641980482,-0.89165397267843904
7039.1475687954462,-0.0044924197901474398,-0.89280306511956387
7043.5107907194597,-0.0038920934122986832,-0.8942841239079995
7047.8767171904901,-0.0043182469864113315,-0.89584696414768472
7052.2453498849536,-0.0040830063036284437,-0.89691047153517234
7056.6166904803031,-0.0044285994343648289,-0.89925559686536538
7060.9907406550365,-0.0038651267904154865,-0.90016746425663641
7065.3675020886885,-0.0039371461229060888,-0.90197321724313884
7069.7469764618336,-0.004318793133373737,-0.90344399441493761
7074.1291654560891,-0.0044351824917822176,-0.90568441220461315
7078.5140707541195,-0.0047814902568831252,-0.90717193536922203
7082.901694039625,-0.0038693937116454098,-0.90809784656373249
7087.2920369973526,-0.0040903943057138395,-0.91019657221103323
7091.6851013130936,-0.0051555294239962997,-0.91249965903728791
7096.080888673685,-0.0050441786083260404,-0.9140850188962607
7100.4794007670089,-0.0053799496323678501,-0.91578631352399609
7104.8806392819924,-0.005204977288491096,-0.91719419939621172
7109.2846059086087,-0.0056414273538424632,-0.92008947337380242
7113.6913023378856,-0.0058755930986615478,-0.92134135846760423
7118.1007302618864,-0.0057570816628253569,-0.92307476341272143
7122.5128913737381,-0.0069326762018056742,-0.92571845862274726
7126.9277873676056,-0.0063382529473052299,-0.92671323292492347
7131.345419938707,-0.0075397428367878381,-0.9301717237063869
7135.7657907833136,-0.0083232363051368545,-0.93204795205854907
7140.1889015987472,-0.0082535872414040406,-0.93357714987558171
7144.6147540833799,-0.0091507064334581684,-0.93601450861244651
7149.04334993664,-0.0095866737884381971,-0.93810851453956967
7153.4746908590041,-0.010846954648051074,-0.94077366275817875
7157.9087785520078,-0.012670350227222413,-0.94416775444302614
7162.3456147182387,-0.012405920700852471,-0.94565929922624048
7166.7852010613406,-0.012595696090942901,-0.94740328354445136
7171.2275392860129,-0.014968509155346874,-0.95222423209812979
7175.6726310980121,-0.015457901856633625,-0.95433935887303445
7180.1204782041495,-0.016287144236326847,-0.95689516121709906
7184.5710823123009,-0.018401754893639051,-0.96118515993885967
7189.0244451313929,-0.019944978404602239,-0.96409385298804062
7193.4805683714167,-0.021350731723170729,-0.96707640321063759
7197.9394537434218,-0.019300772722338804,-0.96705157830326538
7202.4011029595158,-0.017961179623403625,-0.96759626348642969
7206.8655177328737,-0.016445414757789791,-0.96717646229438103
7211.3326997777258,-0.015097897380023253,-0.9675619534553731
7215.8026508093699,-0.01443568744519185,-0.96837969228562248
7220.2753725441626,-0.013788449219165364,-0.96952135559790753
7224.7508666995282,-0.013043709206252063,-0.97016815799909484
7229.2291349939542,-0.011322279177708821,-0.97138860768085533
7233.7101791469913,-0.010103597254740714,-0.97190746131082972
7238.1940008792608,-0.005818530107296294,-0.96954370460219175
7242.6806019124451,-0.0050378994158260023,-0.97005929127908552
7247.1699839692983,-0.0061304924828325339,-0.97210862313301472
7251.6621487736402,-0.0061023756655688207,-0.97379641318648447
7256.1570980503584,-0.0058511993007007235,-0.97662778835030895
7260.6548335254101,-0.0046829197650210558,-0.97714931073070732
7265.1553569258249,-0.0051011354426838962,-0.97904565453354997
7269.658669979699,-0.004635043247688481,-0.98064667886161061
7274.1647744162028,-0.0046223838341999095,-0.98223665497196522
7278.6736719655755,-0.0056531056261143308,-0.98501252518451332
7283.1853643591339,-0.0049726861890980589,-0.98649842363920204
7287.6998533292608,-0.0049328753365054934,-0.98839843082443757
7292.2171406094194,-0.0049639227493474347,-0.99026305786261137
7296.7372279341434,-0.0049000772642717851,-0.99141049500774625
7301.2601170390426,-0.0048114792392926512,-0.99315945772986791
7305.7858096608043,-0.0055971474446175071,-0.99609690465872303
7310.3143075371909,-0.0052772084395466875,-0.9971849844409586
7314.8456124070399,-0.0044166736352670034,-0.99879253942746637
7319.3797260102729,-0.0045876146690071824,-1.0011057139604826
7323.916650087881,-0.0045899362889496864,-1.0027452513463211
7328.4563863819412,-0.0050424425920428222,-1.004280687140586
7332.9989366356094,-0.0046817125820301491,-1.0066574378133337
7337.5443025931208,-0.0049680109139111804,-1.008018868662385
7342.0924859997913,-0.0048797179711133802,-1.0109600036490183
7346.643488602017,-0.0055710503374662122,-1.0131078539704295
7351.1973121472829,-0.0056202289273092291,-1.0141795596376952
7355.7539583841508,-0.0054347222374073476,-1.0168893086333637
7360.3134290622702,-0.0052102316020508693,-1.0185676861689545
7364.8757259323711,-0.0051231208578713166,-1.0200565960255612
7369.4408507462722,-0.0057845190306331611,-1.0233311547478441
7374.0088052568772,-0.0069140064364697149,-1.0253670951809022
7378.5795912181766,-0.0065182830666867288,-1.0276081449576298
7383.1532103852487,-0.0067042549546743489,-1.029082899566617
7387.7296645142551,-0.0077430047246419406,-1.0322697019464246
7392.3089553624523,-0.0072277347595916634,-1.033858256487016
7396.8910846881818,-0.0075059956141380717,-1.0365405359658415
7401.4760542508775,-0.0085501343510430514,-1.0390551990291621
7406.0638658110638,-0.0091565131992571332,-1.0422990769336822
7410.6545211303528,-0.0094185953898558144,-1.0449324952964192
7415.2480219714516,-0.010199560287746247,-1.0472962348423596
7419.8443700981616,-0.011257755928372283,-1.0501937959258396
7424.4435672753734,-0.012052986805040288,-1.0524941431251182
7429.045615269074,-0.012886789639127785,-1.0554965787347057
7433.6505158463442,-0.014340615345949425,-1.0588786779393704
7438.2582707753618,-0.015744158890935538,-1.062846272889242
7442.8688818253968,-0.016313335872171656,-1.0655624350095234
7447.4823507668207,-0.016884128791100107,-1.0679985426681342
7452.0986793710999,-0.019390010515657599,-1.0732091968646313
7456.7178694107979,-0.020791262592767736,-1.0768251129525503
7461.3399226595784,-0.020978085705269604,-1.0785632372358591
7465.9648408922039,-0.019315100668532318,-1.0784158770835732
7470.5926258845375,-0.017611955488697817,-1.0792856637979029
7475.2232794135434,-0.016803846164637728,-1.0807001182923694
7479.8568032572866,-0.015441721662540165,-1.0814472149411316
7484.4931991949315,-0.014563917906077506,-1.0822547744523427
7489.1324690067522,-0.013126898109335691,-1.0832518926608961
7493.7746144741195,-0.012637226017356569,-1.0857638056874674
7498.4196373795112,-0.011584194069622723,-1.0859810161111114
7503.06753950651,-0.01084388482760441,-1.0875453003005739
7507.7183226398065,-0.010237604055586276,-1.0891705702764489
7512.3719885651899,-0.0060823472650651834,-1.0859715331298929
7517.0285390695662,-0.005913559869589218,-1.0887185130566337
7521.687975940943,-0.00565913951232836,-1.0909926534680356
7526.3503009684364,-0.006219995337870942,-1.0936802324718928
7531.0155159422739,-0.0056116175741683007,-1.0958849474222361
7535.6836226537898,-0.0052796407328281518,-1.0975946988857654
7540.3546228954301,-0.0058800216558366368,-1.100570155801333
7545.0285184607546,-0.0065220041954798681,-1.1026598801538736
7549.7053111444302,-0.0060075527718739764,-1.1044533686346212
7554.3850027422395,-0.0063411290108657641,-1.1067021436942417
7559.0675950510749,-0.0064292714567699876,-1.1092390258772855
7563.7530898689465,-0.005971931340904341,-1.1112612135104829
7568.4414889949776,-0.0055521343603261416,-1.1135582561315451
7573.1327942294047,-0.006141010773059479,-1.1163025557933701
7577.827007373583,-0.005398525638401451,-1.1174925862267295
7582.524130229981,-0.0056628404890638803,-1.1198367105607967
7587.2241646021903,-0.0056245798814980024,-1.1223659220957534
7591.9271122949121,-0.0050257913711225866,-1.1240028383539953
7596.6329751139729,-0.0054901074640051426,-1.1269730892536916
7601.3417548663156,-0.0054629378652760749,-1.1289776577601338
7606.0534533600048,-0.0055352496560731957,-1.1307237445023566
7610.7680724042257,-0.0059502321070247933,-1.1342059857021791
7615.4856138092828,-0.0058103176891276809,-1.1358056424605776
7620.206079386604,-0.0054126858877855469,-1.1385217635587526
7624.9294709487403,-0.0056531846486194155,-1.141022515394762
7629.6557903093662,-0.0054720647377836688,-1.1430118682830328
7634.3850392832801,-0.0060402589424525498,-1.1460152901770413
7639.1172196864063,-0.0059386205861230532,-1.1482317252963647
7643.8523333357916,-0.0057998244755667634,-1.1504312169421089
7648.5903820496133,-0.006278857773631079,-1.1533615365193983
7653.3313676471735,-0.0058513226511356098,-1.1551780232876867
7658.0752919489005,-0.0065799286153109,-1.1580197483199064
7662.8221567763558,-0.0073122168545395102,-1.1621291890589043
7667.5719639522249,-0.0071588287634695167,-1.1646011432930035
7672.3247153003249,-0.0075551751157465563,-1.1669175460927166
7677.0804126456032,-0.0080631740119044525,-1.1700675895234196
7681.8390578141407,-0.0085860263111792977,-1.1731690807514694
7686.6006526331485,-0.0089963826828641409,-1.1752205167652447
7691.3651989309674,-0.0094905344478887523,-1.1790129091199737
7696.1326985370742,-0.010651523614424702,-1.1823969154549934
7700.9031532820827,-0.011095760301860423,-1.1852762077939147
7705.6765649977369,-0.012662103774095445,-1.1889019519983435
7710.4529355169179,-0.012443525177241845,-1.1920947629531848
7715.2322666736418,-0.014119085454599419,-1.1955535158204502
7720.0145603030624,-0.014097935997529114,-1.1985833676674156
7724.7998182414731,-0.014315546080091932,-1.2014056485982652
7729.5880423263006,-0.017335695260853476,-1.2067573475221125
7734.3792343961168,-0.018711668916658826,-1.2105777204104897
7739.1733962906274,-0.020081493057613423,-1.2146645496493735
7743.9705298506797,-0.021008878184177755,-1.2183017679824659
7748.770636918267,-0.022208974756597905,-1.2222813620709898
7753.5737193365167,-0.019832901030922466,-1.221729219828573
7758.3797789497057,-0.018590467245750978,-1.2226867182418792
7763.1888176032498,-0.017400789488233405,-1.2246067153010456
7768.0008371437088,-0.016462310922596396,-1.2269269323307939
7772.8158394187903,-0.014088187141988343,-1.2269969458717733
7777.6338262773434,-0.01421993807762992,-1.2295663083082049
7782.4547995693647,-0.013003519048163284,-1.2304043703234782
7787.2787611459999,-0.012846210950617108,-1.2338748503731116
7792.1057128595367,-0.011600634940863018,-1.2345319708763132
7796.9356565634153,-0.011036668442850627,-1.2370959425771855
7801.7685941122245,-0.010001789162266628,-1.2388802177993508
7806.604527361701,-0.0093009459244776313,-1.2403686135564236
7811.4434581687337,-0.0088254968421272815,-1.2432063746992197
7816.2853883913585,-0.0059130010032958863,-1.2438786791775462
7821.1303198887699,-0.0058193808995466246,-1.2454252572994013
7825.9782545213075,-0.0064452470735986683,-1.2494329806412006
7830.8291941504685,-0.0063985095848101232,-1.2519554118505596
7835.6831406389019,-0.006501548680019913,-1.2544016582197528
7840.5400958504133,-0.0064635431300485782,-1.257898836328043
7845.4000616499616,-0.0070120167960650969,-1.2613936868575606
7850.2630399036634,-0.0058770546999490341,-1.2628007486537209
7855.1290324787906,-0.0065509166438804016,-1.2661180877286349
7859.9980412437717,-0.0059184415975134423,-1.2684826182130229
7864.8700680681977,-0.0057381919753409123,-1.2712072734498787
7869.7451148228129,-0.006187035312802458,-1.2735881429878315
7874.6231833795237,-0.0059696236961416394,-1.2771049072016947
7879.504275611398,-0.0059459242085678626,-1.2808679286001783
7884.3883933926645,-0.0061890079494763082,-1.2830360699867844
7889.2755385987102,-0.0062417842338237479,-1.286031524589728
7894.1657131060892,-0.0055186942012668758,-1.2886472336612262
7899.0589187925134,-0.0054272452459429915,-1.2927598369165281
7903.9551575368669,-0.005808470559622512,-1.2948669593564479
7908.8544312191898,-0.0064175058313934042,-1.2982017508142043
7913.756741720691,-0.0056960457953238999,-1.3011059147639692
7918.6620909237472,-0.0063965768576585008,-1.3040745416906812
7923.5704807119,-0.0057276345644117254,-1.306636261824268
7928.4819129698581,-0.0055477575191593426,-1.309429836200261
7933.3963895834986,-0.0057467811783670202,-1.3129538771160953
7938.3139124398695,-0.0058277329110574799,-1.3168619435117019
7943.234483427188,-0.0071177336094510775,-1.3203721324335849
7948.1581044348377,-0.006368413275601041,-1.3224649571936544
7953.0847773533778,-0.0063752850492359639,-1.3256825890014485
7958.0145040745401,-0.0066275518523073364,-1.3300715401393641
7962.9472864912223,-0.0072607825117552462,-1.333294020096643
7967.8831264975051,-0.0071292863402050042,-1.3358861050324842
7972.8220259886348,-0.0086084897678271807,-1.3402323791049275
7977.7639868610368,-0.0074338991551506197,-1.3427840897177588
7982.7090110123108,-0.0089315651614133625,-1.3476260476839768
7987.6571003412328,-0.0096436493976204164,-1.3515494496686173
7992.6082567477588,-0.0091672908759320246,-1.3546531549533125
7997.5624821330148,-0.010375474974831937,-1.3586388404013785
8002.5197783993135,-0.0099495077360956512,-1.3621079356315842
8007.4801474501401,-0.011079203273892037,-1.3660102909557714
8012.4435911901674,-0.012005732566682421,-1.3709624857230127
8017.4101115252397,-0.012729528110985279,-1.3751339703516181
8022.3797103623911,-0.013271206046508782,-1.3787776185657818
8027.3523896098304,-0.014666888916839205,-1.3832123783689827
8032.3281511769537,-0.01621755973808791,-1.3885892221151712
8037.3069969743419,-0.017022208177751894,-1.3925560906945864
8042.2889289137547,-0.017905397859973533,-1.3971087357626253
8047.2739489081432,-0.018708588205498738,-1.4012773219391204
8052.2620588716363,-0.020089844160223993,-1.4055669082520574
8057.253260719559,-0.02296070080166162,-1.4122142378200964
8062.2475563684166,-0.019722155042999429,-1.4134108360943853
8067.244947735905,-0.019258676328019218,-1.415616050350045
8072.2454367409073,-0.017678434910651956,-1.4179093586659339
8077.2490253034966,-0.016451096769750272,-1.4204755591965921
8082.2557153449379,-0.015972409436268764,-1.4234658927063699
8087.2655087876847,-0.014861989892817777,-1.4268389360321787
8092.2784075553827,-0.014363119722130689,-1.4297246911482409
8097.2944135728721,-0.012368636557555952,-1.4313295842189511
8102.3135287661808,-0.011883356027616854,-1.4339089648215695
8107.3357550625387,-0.010991057284767635,-1.4374099466233377
8112.3610943903632,-0.010874311644443396,-1.4404883010700202
8117.3895486792708,-0.010767750833569831,-1.4437838547622621
8122.4211198600715,-0.0094336358578108494,-1.4477165130524969
8127.4558098647731,-0.0088705243899668308,-1.4503706451482761
8132.4936206265847,-0.0088267853237601404,-1.4539035079800355
8137.5345540799071,-0.0076939901786463368,-1.4576936270399441
8142.578612160346,-0.0073235706516573788,-1.4606752048353049
8147.6257968047021,-0.0075861294540989881,-1.4645420078357612
8152.6761099509795,-0.006938470523446592,-1.4681120904456189
8157.7295535383846,-0.0067809134510703924,-1.4723761947382537
8162.7861295073199,-0.0075049712080601126,-1.4768663500224997
8167.8458397994,-0.007469868681945737,-1.4805180753761671
8172.9086863574348,-0.0069731384667396151,-1.4846252519266978
8177.9746711254429,-0.006239341631082705,-1.4884963776874107
8183.0437960486443,-0.0067458333095221108,-1.4936436308866476
8188.1160630734703,-0.0072736755229109492,-1.4981839079980872
8193.1914741475539,-0.0074837887325392583,-1.5020789589422803
8198.2700312197358,-0.0062457029235544765,-1.5069483341019587
8203.3517362400689,-0.0061451288586194123,-1.5105443342102618
8208.436591159807,-0.0067052453274352233,-1.5159491533195746
8213.5245979314204,-0.0061065628057350926,-1.5195185972399259
8218.6157585085875,-0.0063161186238508121,-1.5249632027716706
8223.7100748461999,-0.0059213701557437881,-1.5288342608594776
8228.8075489003531,-0.0063193886864225252,-1.5344456071115924
8233.9081826283655,-0.0065667525785618941,-1.5380849090604045
8239.0119779887609,-0.0057755838414836544,-1.5427511140226369
8244.1189369412823,-0.005926620776545862,-1.5473252110705202
8249.229061446882,-0.0064714829054424144,-1.553434707523661
8254.3423534677331,-0.0065273769167131053,-1.5588366603243902
8259.4588149672236,-0.0071437036927637122,-1.5630606786774346
8264.578447909953,-0.0060393979731851446,-1.5673733130992775
8269.7012542617485,-0.0064753380817406496,-1.5724469599187409
8274.8272359896491,-0.006886748553227658,-1.5781847787158541
8279.9563950619122,-0.0055932447450051104,-1.5832371495334197
8285.0887334480212,-0.0072356453189373641,-1.5884724798456049
8290.2242531186748,-0.0067930160904108548,-1.5931930142258097
8295.3629560457939,-0.007460580274959756,-1.5985744431863078
8300.5048442025254,-0.0078049827527755123,-1.6039304846976932
8305.6499195632332,-0.0081934922518460563,-1.607781938222578
8310.7981841035125,-0.008930856254350009,-1.613961365687002
8315.9496398001775,-0.0083570691457632677,-1.6179229556837305
8321.104288631268,-0.0093073521844727943,-1.6244533309829325
8326.2621325760538,-0.010183156887754098,-1.6292284767391931
8331.4231736150268,-0.010396877160526112,-1.6338618364114881
8336.5874137299088,-0.012504255756569936,-1.6400507053669071
8341.754854903651,-0.0116198113099336,-1.6438364061546642
8346.9254991204325,-0.011990084352323922,-1.6479830731645402
8352.0993483656621,-0.013838965338577034,-1.6543614530804716
8357.2764046259781,-0.013941877401947458,-1.6588549171946938
8362.456669889254,-0.015871885534266855,-1.6645388168871373
8367.640146144593,-0.016099994815230625,-1.6689642575411334
8372.8268353823296,-0.017610246567337857,-1.6740317616553182
8378.0167395940352,-0.018374164828080491,-1.6794773469311977
8383.2098607725147,-0.020498199715736846,-1.685320615667651
8388.4062009118061,-0.021585337534039357,-1.6891239424779809
8393.6057620071861,-0.022481950230662791,-1.694288281844778
8398.8085460551665,-0.020794245718333482,-1.6958521635762611
8404.0145550535017,-0.019792016716243355,-1.6988773800668089
8409.2237910011736,-0.018647114773027013,-1.7005747446248067
8414.4362558984121,-0.016925325914190752,-1.7023103728651146
8419.6519517466841,-0.016040957389256278,-1.7055832424651449
8424.8708805487022,-0.015030055079208468,-1.7082745235357644
8430.0930443084071,-0.01414407102160919,-1.7104101939356124
8435.3184450309982,-0.012729717751742919,-1.7122428194420851
8440.5470847229044,-0.011721678100383725,-1.7151251851298337
8445.778965391808,-0.011612852253794275,-1.7178200958216185
8451.0140890466282,-0.010953117604276533,-1.7201997026634539
8456.252457697532,-0.011129563739226436,-1.7239783325772624
8461.4940733559361,-0.009758510470268017,-1.7268711005975184
8466.738938034503,-0.0093681575857214872,-1.729253322766195
8471.9870537471343,-0.0087134306904755252,-1.732510301113654
8477.23842250899,-0.0081119172192817817,-1.735106819031186
8482.4930463364763,-0.0078381919960523686,-1.7385518551422188
8487.7509272472471,-0.0075332549625617765,-1.741387383048032
8493.0120672602097,-0.0070917406098790292,-1.7446740614888014
8498.2764683955174,-0.0067601022733906977,-1.7473440965424549
8503.5441326745859,-0.0073368123312440589,-1.7509907243218468
8508.8150621200748,-0.0066855900116795045,-1.7545877825993106
8514.089258755901,-0.0071318709531398433,-1.7588595034379577
8519.3667246072328,-0.0070809535121027604,-1.7602695081885
8524.6474617005006,-0.0072525246358274929,-1.7654663701919258
8529.9314720633829,-0.0068983276950465057,-1.7688454899070003
8535.2187577248205,-0.0065692650502678016,-1.7720773254980706
8540.5093207150112,-0.0064378939418705365,-1.7763110882388218
8545.8031630654095,-0.0076789878165222855,-1.7804039285920541
8551.1002868087271,-0.0068551784129618027,-1.7837302248189122
8556.4006939789415,-0.0070819417697091207,-1.7885603112869031
8561.7043866112872,-0.0076651703400906299,-1.7920258082258524
8567.0113667422611,-0.0068535512935851192,-1.794254460471538
8572.3216364096206,-0.0076678100534481649,-1.798904614563364
8577.6351976523893,-0.0065745129856237313,-1.8031131946026049
8582.952052510851,-0.0071140300431806998,-1.8074784116856986
8588.2722030265595,-0.0077404804860894336,-1.8114233303508609
8593.595651242329,-0.0071357486823894235,-1.8145300210834869
8598.9223992022435,-0.0071109029596948346,-1.8184805022672115
8604.2524489516472,-0.006033233113592178,-1.8220755964345159
8609.5858025371635,-0.0061286676075069588,-1.8273824266569321
8614.9224620066761,-0.0061613418679987084,-1.8318156273667783
8620.2624294093403,-0.007006412702832786,-1.8363073813721291
8625.6057067955808,-0.0068783620880260785,-1.8406188372995189
8630.9522962170922,-0.0069420770524575293,-1.8448803300406573
8636.3021997268461,-0.0067991468787740213,-1.8487542401695025
8641.6554193790798,-0.007168515159781147,-1.8541570321584446
8647.0119572293097,-0.0068437609290217518,-1.8580288388686106
8652.3718153343216,-0.0072196176874960629,-1.862296131512241
8657.7349957521801,-0.0068399818251901508,-1.8667017011071265
8663.101500542225,-0.0076636843830323407,-1.8723860137884647
8668.4713317650694,-0.0086731864728247128,-1.8784900372807156
8673.844491482605,-0.0090653417263166138,-1.8838327640028629
8679.2209817580024,-0.0091794057552645955,-1.8878237556936175
8684.6008046557108,-0.010305039234244053,-1.8944679185514222
8689.983962241462,-0.010405538948509607,-1.8994234824775553
8695.3704565822645,-0.01182112103380481,-1.9040610101995414
8700.7602897464039,-0.011354367900861069,-1.9093950821397263
8706.1534638034609,-0.012304561474479942,-1.9158401065109989
8711.5499808242839,-0.013926098902200732,-1.9216562224503118
8716.9498428810148,-0.013649237000082444,-1.9269395899099075
8722.3530520470795,-0.01523474931175367,-1.9331513580889415
8727.7596103971809,-0.016008858440264905,-1.9391897298494534
8733.1695200073191,-0.017278240100168821,-1.9458163253472676
8738.5827829547725,-0.018051106292422694,-1.951363258789909
8743.9994013181131,-0.019313649579641143,-1.9589439004177402
8749.4193771771952,-0.021284911076076503,-1.964730094118361
8754.8427126131683,-0.022508423569056794,-1.9719010349179202
8760.2694097084677,-0.022166527435250587,-1.9773231832369309
8765.6994705468205,-0.020596136980904393,-1.9807533879665642
8771.1328972132469,-0.018639474293499343,-1.9851428832897735
8776.5696917940568,-0.018519159819046057,-1.9902362607734112
8782.0098563768588,-0.017109225017394439,-1.9938055813954059
8787.4533930505477,-0.015565537448049786,-1.9983914744366904
8792.9003039053187,-0.014784400126527427,-2.0026172171958874
8798.3505910326603,-0.014613919215591839,-2.0070144787699657
8803.8042565253581,-0.013450702057773805,-2.0123929063621686
8809.2613024774964,-0.012289617080261744,-2.0177853914678945
8814.7217309844546,-0.01198899231017906,-2.0218181638683612
8820.1855441429125,-0.011132874653793855,-2.0292204121622746
8825.6527440508489,-0.0098777100213312801,-2.0325671876585893
8831.1233328075432,-0.01000565689792687,-2.0380970125625049
8836.5973125135788,-0.0094666272654481028,-2.0434945922098429
8842.074685270838,-0.0090507954922700654,-2.0493573384943247
8847.5554531825037,-0.0085287434830562947,-2.0551055090764048
8853.0396183530684,-0.0080516944062448172,-2.0617947554417699
8858.5271828883251,-0.008303353023845857,-2.0664878329447043
8864.0181488953713,-0.0079485289491468929,-2.0716133205429248
8869.5125184826175,-0.0076699375014308759,-2.0782163996551151
8875.0102937597712,-0.0073228835125579393,-2.0842826637351743
8880.5114768378517,-0.0074427484962221596,-2.0902612143551842
8886.0160698291893,-0.0076550761274998356,-2.0987001738867228
8891.5240748474243,-0.0076856019715240472,-2.1035586942963773
8897.0354940075013,-0.0083112207208184529,-2.1105145228102025
8902.5503294256796,-0.0077459318000327277,-2.1163130259942502
8908.0685832195322,-0.0078206982838035285,-2.1238320171491258
8913.5902575079381,-0.0071207154069766465,-2.1298342017861787
8919.1153544110985,-0.0075541258505798393,-2.1360397761812209
8924.6438760505207,-0.0077621251559980078,-2.1428603898409149
8930.1758245490309,-0.0081225183586295831,-2.1492511833162466
8935.7112020307723,-0.007656895829431634,-2.1564752559908995
8941.2500106212046,-0.0077651180296596156,-2.1633849706895742
8946.7922524470978,-0.0076608975034951812,-2.169332206947769
8952.3379296365529,-0.0071873210679996745,-2.1760526707416661
8957.8870443189808,-0.0078101680175905316,-2.1843923542310231
8963.4395986251111,-0.0069656982973942023,-2.1899827763045225
8968.9955946870014,-0.0073068475574899214,-2.1990798218880507
8974.555034638026,-0.0065371388826181206,-2.2044547203954687
8980.1179206128836,-0.0076395776158588898,-2.2116973484315237
8985.6842547475917,-0.007349948700043428,-2.2192757772557345
8991.2540391794992,-0.0067404606634465861,-2.2244980928341511
8996.8272760472755,-0.0078075585223148216,-2.2342896020778054
9002.4039674909145,-0.0075101933985678706,-2.2408249161284757
9007.9841156517377,-0.0078270478538723966,-2.247907953154983
9013.5677226723983,-0.0076377852273754373,-2.2553798649239867
9019.1547906968681,-0.008117706354134533,-2.2619262394681323
9024.7453218704559,-0.0078776934736267887,-2.2699952455876691
9030.3393183397984,-0.0081392814361185804,-2.2781312995507266
9035.936782252862,-0.0078790302483171017,-2.285622218099995
9041.5377157589446,-0.0089297318835757557,-2.2940618206668839
9047.1421210086755,-0.0082231824703878319,-2.3001339335684086
9052.7500001540229,-0.0087041464114592879,-2.309468069312774
9058.3613553482755,-0.0090731455841478563,-2.3170874297316506
9063.9761887460736,-0.0093920925651911329,-2.3246774389860212
9069.5945025033798,-0.010480860561258111,-2.3337017305204477
9075.2162987774991,-0.011762798436026834,-2.3434180459693481
9080.8415797270736,-0.011231615197472945,-2.3510405918575557
9086.4703475120823,-0.010692682535941675,-2.3578159200365807
9092.1026042938447,-0.012115992798219705,-2.3675384525957863
9097.7383522350156,-0.012648205218160152,-2.3768769017896458
9103.3775934995938,-0.013777681076324086,-2.3856079505684535
9109.0203302529208,-0.014638184929174094,-2.3948471961362814
9114.6665646616766,-0.014916925915715256,-2.4035221133331652
9120.3162988938857,-0.016052014385685764,-2.4130677267694365
9125.9695351189202,-0.017047573073574091,-2.4228522204481298
9131.6262755074913,-0.018757696690861327,-2.4324374251669294
9137.2865222316559,-0.019143538212687813,-2.4420807944239762
9142.9502774648226,-0.02111923818245438,-2.4521628957867678
9148.6175433817425,-0.021936299214762745,-2.4617924595987879
9154.2883221585143,-0.023367722152942569,-2.4719284736472287
9159.9626159725904,-0.022938317768062488,-2.4804079810867283
9165.6404270027688,-0.021420380212546258,-2.4874029588097786
9171.3217574291975,-0.020246734976374463,-2.4949383840468249
9177.0066094333797,-0.018689179985425741,-2.501996133240072
9182.6949851981663,-0.017139803785686678,-2.5114388634415441
9188.3868869077651,-0.016515365720669268,-2.5185770184932315
9194.0823167477374,-0.015277745705412283,-2.5264202721034383
9199.7812769049924,-0.015137970636734051,-2.5337810555913887
9205.483769567807,-0.013861274192543814,-2.5427281786113447
9211.1897969258043,-0.012302986781777278,-2.5519318508856266
9216.8993611699698,-0.012597078002363647,-2.5622436128968316
9222.6124644926458,-0.012354607555546352,-2.5679126879205398
9228.32910908753,-0.011180511497940783,-2.5781082321976241
9234.0492971496878,-0.010716767019440299,-2.587294459480586
9239.7730308755363,-0.0097038472160216466,-2.5957590528218129
9245.500312462862,-0.0097442317492607029,-2.6059668950191361
9251.2311441108068,-0.0088155234499019547,-2.6142150193456875
9256.9655280198804,-0.0086408689414145135,-2.6239582961829195
9262.7034663919567,-0.0093033637175707114,-2.6333505815950393
9268.4449614302703,-0.009075915124066079,-2.6437129313106333
9274.1900153394254,-0.0081325275548052196,-2.6526764333129549
9279.9386303253905,-0.0086085325082002895,-2.6637609812982808
9285.6908085955019,-0.0078168313691838291,-2.6738602267708296
9291.4465523584659,-0.0078870324766187536,-2.6833905109709661
9297.2058638243561,-0.0081638683259692407,-2.6935047118751414
9302.9687452046146,-0.0089845217218306982,-2.7057222973670658
9308.7351987120564,-0.007796914828796301,-2.7153499954540434
9314.5052265608701,-0.0082523414505049787,-2.7242156150859582
9320.2788309666139,-0.0087122186293528744,-2.7366975104567866
9326.0560141462174,-0.0083459830036373816,-2.7470567177450347
9331.8367783179874,-0.0079350910156832065,-2.7580176874692746
9337.6211257016075,-0.0083396760745906295,-2.7677168257880735
9343.409058518133,-0.008432679641083466,-2.779085166961091
9349.2005789899958,-0.0083548371542226801,-2.7889734530999872
9354.9956893410108,-0.0087772357728702101,-2.8010169308882227
9360.7943917963676,-0.0083716823956640103,-2.8120725946281002
9366.5966885826329,-0.0084049207528504657,-2.8231803563855831
9372.4025819277558,-0.0082646902918951191,-2.8347760091429985
9378.2120740610699,-0.0080205111314073981,-2.8461070731552192
9384.0251672132836,-0.0082838607650599968,-2.8576189245530799
9389.8418636164952,-0.007567832075875163,-2.8693099481879725
9395.6621655041799,-0.0079726468287833162,-2.8813112259303675
9401.486075111201,-0.0083817986423870422,-2.8922791081200119
9407.3135946738075,-0.0082940672729678831,-2.9044145952708558
9413.1447264296348,-0.0075632245972967176,-2.9163093738639363
9418.9794726177024,-0.0083104666726079648,-2.9273394320805259
9424.8178354784177,-0.007492063747754075,-2.9406849238913511
9430.6598172535814,-0.0081473696558189545,-2.9517740558602714
9436.5054201863823,-0.0072624175629928296,-2.9648496417562868
9442.3546465213931,-0.00782733044660874,-2.9774751457201836
9448.2074985045856,-0.0079794461735785346,-2.9893123737791201
9454.0639783833212,-0.0083425307805493655,-3.003511400293335
9459.9240884063565,-0.0086959221839090235,-3.0152804184711854
9465.7878308238342,-0.0086783618914910241,-3.028574522478054
9471.655207887301,-0.0081312185896887552,-3.041121757552641
9477.5262218496955,-0.0092937269474784555,-3.0550362360450163
9483.4008749653512,-0.0084628491360467413,-3.0679467847218342
9489.2791694900025,-0.0092452061764722801,-3.0822299371287221
9495.1611076807767,-0.0098870499088216882,-3.0951519453112137
9501.0466917962076,-0.010544345168309335,-3.108636609078089
9506.935924096224,-0.010685804637179486,-3.1230668252614664
9512.8288068421534,-0.011069102264755838,-3.1375552588438884
9518.7253422967315,-0.011122991007671834,-3.1524230778861364
9524.6255327240888,-0.012523201346503945,-3.1679005657696253
9530.5293803897657,-0.012984428891972242,-3.1824540454593162
9536.4368875607088,-0.013582611868543327,-3.1959306348700665
9542.3480565052596,-0.014401698606779879,-3.2104276869548114
9548.262889493175,-0.016122384165578936,-3.2269031503056755
9554.1813887956141,-0.015684065622075145,-3.242092014192953
9560.1035566851442,-0.017004487303139238,-3.2576199934057106
9566.0293954357458,-0.018314367087124118,-3.2746053986812163
9571.9589073228035,-0.019208119114214522,-3.2889286404229621
9577.8920946231137,-0.020583908713562356,-3.3060440961616755
9583.8289596148861,-0.022432982137809039,-3.3223130004216763
9589.7695045777382,-0.023455823848306606,-3.3382710235279625
9595.7137317927063,-0.022625129897499815,-3.3544326514061744
9601.6616435422384,-0.021858664999876751,-3.3654933508685199
9607.613242110192,-0.020349181644221968,-3.380723934997159
9613.5685297818491,-0.019227841783617021,-3.3962346963137806
9619.5275088438993,-0.018221318010042297,-3.4118029383674364
9625.4901815844605,-0.016971303904404995,-3.4258955615239293
9631.45655029306,-0.015534370995819865,-3.4408299405927907
9637.426617260644,-0.015573469459509539,-3.4540089476669165
9643.4003847795848,-0.014193018800403094,-3.4722931475270595
9649.3778551436735,-0.013496216987970031,-3.4874045644000335
9655.3590306481183,-0.012042900073732727,-3.5021970507061844
9661.3439135895551,-0.012143494003232448,-3.5234848057450301
9667.3325062660442,-0.011531577523642899,-3.5377060526195594
9673.3248109770648,-0.011594326824999484,-3.553167721983304
9679.3208300235274,-0.010122066072698502,-3.5682173270446715
9685.3205657077651,-0.010060825908407957,-3.5869080611251221
9691.3240203335408,-0.010232580970098,-3.6025769081948509
9697.3311962060416,-0.009009806659500413,-3.6241643718517946
9703.342095631886,-0.0097523982776133149,-3.6394415784959677
9709.3567209191224,-0.0089595724939215658,-3.6555010664226679
9715.3750743772289,-0.0084045872607021298,-3.6767432206539183
9721.3971583171169,-0.0085276514437494441,-3.6934182598097731
9727.4229750511258,-0.0082268391758569641,-3.7117079877953896
9733.4525268930338,-0.0079363449913222427,-3.7282283742644347
9739.4858161580505,-0.008500308807092672,-3.748232194023573
9745.5228451628227,-0.0083477741792935423,-3.7677821420868534
9751.5636162254286,-0.0080798767086291533,-3.7884730843840462
9757.6081316653854,-0.0079779028187999135,-3.8080502459018231
9763.6563938036506,-0.0079804968700958358,-3.8268474862534987
9769.7084049626192,-0.0091278463678517961,-3.8458821810363619
9775.7641674661263,-0.0086646419426544708,-3.868131221872865
9781.8236836394426,-0.008383247709830283,-3.8866777878814291
9787.8869558092847,-0.0089795223320075016,-3.9074814120783392
9793.9539863038099,-0.0081509682340400111,-3.9275361489251805
9800.0247774526233,-0.0083826161574329008,-3.9508540198720912
9806.0993315867636,-0.0090766314515697381,-3.973139650412655
9812.1776510387244,-0.0084117051473670962,-3.9932506856827854
9818.2597381424403,-0.0082375090320635294,-4.0142188075988336
9824.3455952332952,-0.0084413632979199963,-4.0346772969168381
9830.4352246481176,-0.0090252699189949867,-4.0588645030959647
9836.5286287251856,-0.0082316449435844395,-4.0812106097135414
9842.6258098042254,-0.0082374350663121047,-4.1057266024445962
9848.726770226418,-0.008859418624437794,-4.1270097284258531
9854.8315123343928,-0.0079961230907869742,-4.1481127186288465
9860.9400384722303,-0.0081260144534648915,-4.1705080274056607
9867.0523509854647,-0.0080072292771189053,-4.1928877400020932
9873.1684522210817,-0.007507682622953901,-4.2192135272492086
9879.2883445275274,-0.007902380714457714,-4.2419850906164971
9885.4120302547017,-0.0084994060631265224,-4.2666725487037329
9891.5395117539538,-0.0080689561097669598,-4.2922851940446769
9897.6707913781047,-0.0077874933154146852,-4.3171219012203421
9903.8058714814179,-0.007989388813654871,-4.3415883329116918
9909.9447544196282,-0.0082491095601781653,-4.3657034554697409
9916.0874425499242,-0.0087603983404040773,-4.3919023228193446
9922.2339382309601,-0.0079438935816712099,-4.4161566943607919
9928.3842438228476,-0.0078167212681161391,-4.4441763576691287
9934.5383616871623,-0.0088224714568254248,-4.4695354915586281
9940.6962941869479,-0.008901663159701494,-4.5010293458379316
9946.8580436867069,-0.0092520331688881047,-4.5241269203313248
9953.0236125524116,-0.0084653200748693799,-4.5543049272870135
9959.1930031514985,-0.0095124602211401638,-4.579473636391949
9965.3662178528739,-0.0095631117723011215,-4.61027569329055
9971.5432590269083,-0.010127954807059782,-4.6363883530532233
9977.7241290454458,-0.01147033944293693,-4.6693123174357956
9983.9088302818018,-0.010769722742195313,-4.6962659133076219
9990.0973651107561,-0.011832625292319782,-4.7262919141276303
9996.2897359085655,-0.011706438329862475,-4.754195659708655
10002.485945052958,-0.012258126377030519,-4.7907124663285474
10008.685994923138,-0.013330846529539,-4.8167901880994499
10014.889887899782,-0.013981895788762976,-4.8500422370141836
10021.097626365045,-0.014749724311140189,-4.8837473363406625
10027.309212702554,-0.015587400785686717,-4.9139863314269689
10033.524649297417,-0.017530283255337273,-4.9490272222021439
10039.743938536218,-0.017393205563460214,-4.9808889776310972
10045.967082807023,-0.018627175570407575,-5.0163841331986925
10052.194084499379,-0.019936484006354047,-5.0515329971220719
10058.424946004307,-0.021684472522743598,-5.086213868513509
10064.659669714321,-0.022620548780191693,-5.1218999281461306
10070.898258023408,-0.024399455871920571,-5.1614881773364232
10077.140713327046,-0.02313267534197376,-5.1939067907369747
10083.387038022194,-0.021405683090735195,-5.224592445200031
10089.637234507298,-0.019520853870649762,-5.2569921199936296
10095.891305182289,-0.019610666834950882,-5.2937708633259302
10102.149252448591,-0.017626429772135559,-5.3279938129172244
10108.411078709107,-0.016899557890746125,-5.3649932961495441
10114.676786368242,-0.015867131301525245,-5.4111767972321578
10120.946377831877,-0.015351269994842574,-5.4434921110239447
10127.219855507396,-0.014019454365412558,-5.4830479231417151
10133.497221803669,-0.013331885655622561,-5.5159154060965072
10139.778479131064,-0.012738830223364285,-5.5607304613523247
10146.063629901437,-0.01274877280412557,-5.6041226361204419
10152.352676528142,-0.011335484547079087,-5.647462493407712
10158.645621426032,-0.011172870508269574,-5.6858519219396904
10164.942467011453,-0.01075672412550603,-5.7201178989287325
10171.243215702249,-0.010495895404072239,-5.7667501768308504
10177.547869917762,-0.0098339074772742091,-5.811918770613989
10183.856432078835,-0.0097567043747067185,-5.8615764265587629
10190.168904607815,-0.0090023585590912163,-5.8966549754633988
10196.485289928545,-0.0091305191976783478,-5.9468465016889045
10202.805590466371,-0.0089812881327892904,-5.9970608726082064
10209.129808648146,-0.0080258437332178193,-6.0384683730815993
10215.457946902223,-0.0090471347481765278,-6.0948293249725296
10221.790007658465,-0.0086813913240815135,-6.1389771121445547
10228.125993348236,-0.008382330791556182,-6.1880084485097075
10234.465906404412,-0.0092018832681027979,-6.2316555986909163
10240.809749261372,-0.0079893305600928742,-6.2851391156531111
10247.157524355009,-0.0078256456555783165,-6.3427698535003261
10253.509234122721,-0.0081699922189268897,-6.398334731905301
10259.864881003421,-0.0078611122894401281,-6.4458255777789635
10266.224467437531,-0.00758957142953476,-6.5038517409348593
10272.587995866987,-0.0083032081667009823,-6.5587614225216404
10278.955468735237,-0.0091631092716476497,-6.614718780591863
10285.32688848725,-0.0088951814359813034,-6.6800665469522595
10291.702257569499,-0.0095206369906124105,-6.7398060489813982
10298.081578429985,-0.00871097354113275,-6.7964155853044534
10304.464853518217,-0.009627008924389344,-6.8566937693320522
10310.852085285229,-0.0091878262155719696,-6.9202099121417957
10317.243276183572,-0.0087029026700182824,-6.9822671991568308
10323.638428667315,-0.0093558482882161436,-7.0451273039452298
10330.037545192055,-0.0088663480639226081,-7.1117431252004391
10336.440628214901,-0.0094502335068793984,-7.1803404277687823
10342.847680194493,-0.008855757181515907,-7.2463111660234247
10349.258703590993,-0.008528403935947601,-7.319546741559277
10355.673700866084,-0.0085251216650024959,-7.3922661297629926
10362.092674482983,-0.0087990704161217317,-7.4603770928420037
10368.515626906425,-0.0078218704262461719,-7.5413255405153805
10374.942560602678,-0.0082950349823840159,-7.6091869893059991
10381.373478039539,-0.0085758686261513412,-7.693419900778399
10387.808381686331,-0.0079773295391977438,-7.7725646850851824
10394.247274013913,-0.0078160488073438401,-7.8490526207635405
10400.69015749467,-0.0078659967989642993,-7.9387531888123402
10407.13703460252,-0.0082036427789748956,-8.0226241110470351
10413.58790781292,-0.0080015793906803509,-8.0985388311363256
10420.042779602856,-0.0076175195837810024,-8.193504666153915
10426.50165245085,-0.0089833377922463962,-8.283045505391657
10432.964528836963,-0.0078086473638666904,-8.3767063332796816
10439.431411242793,-0.0089008789505370875,-8.4648055473782122
10445.902302151471,-0.0085546094783766503,-8.5642442194781268
10452.377204047674,-0.0076639752745531683,-8.6637330812453577
10458.856119417618,-0.0076891695749764649,-8.7678900378376046
10465.339050749055,-0.0087534516933304388,-8.8768782748996635
10471.82600053128,-0.0090013242775560821,-8.9758422152665087
10478.316971255141,-0.00848184410524103,-9.0898614850842776
10484.811965413015,-0.0095488460770912845,-9.2013210350005998
10491.310985498834,-0.0097207886500267106,-9.3224677516351768
10497.814034008075,-0.010299314071427205,-9.4433092438055866
10504.321113437756,-0.010423141382312829,-9.5579623689390854
10510.832226286448,-0.01161249561291827,-9.687507049566447
10517.347375054271,-0.010718619055941183,-9.8210313566365581
10523.866562242893,-0.011497628643460833,-9.9479009657836421
10530.389790355528,-0.012445118908785281,-10.089421634223822
10536.917061896955,-0.013817144889723531,-10.226960332429529
10543.448379373489,-0.013699089974373121,-10.370492432982862
10549.983745293011,-0.015352936543586567,-10.524402046762892
10556.523162164951,-0.01573571090552638,-10.682437452477222
10563.066632500291,-0.017199014459959579,-10.847976000884438
10569.614158811582,-0.018385719828653266,-11.012251296377741
10576.165743612919,-0.019316793124541765,-11.190628486600991
10582.721389419963,-0.020696342027828891,-11.367999296572719
10589.281098749931,-0.022015458229253479,-11.53518429030969
10595.8448741216,-0.023453647124304002,-11.732574058867336
10602.412718055311,-0.023509066743503226,-11.942082660686674
10608.984633072967,-0.022753164519874882,-12.142992444830718
10615.560621698032,-0.021366062041195368,-12.369009373762331
10622.140686455534,-0.020083853980489078,-12.583676689302452
10628.724829872068,-0.018545902168409605,-12.812096993688122
10635.313054475795,-0.017903125149731774,-13.047088930866636
10641.905362796442,-0.016372022828149414,-13.30557022389057
10648.501757365308,-0.015389775349438296,-13.562436665099915
10655.10224071525,-0.014591043246944218,-13.864949419001807
10661.70681538071,-0.014586274227823742,-14.133230473767902
10668.315483897688,-0.013282869439355385,-14.453637422663064
10674.928248803766,-0.011671576264184575,-14.790979099355603
10681.545112638094,-0.012265120066360847,-15.146621776557375
10688.166077941394,-0.011795138140266788,-15.491697793496073
10694.791147255966,-0.010822764187067306,-15.872811750622297
10701.420323125685,-0.010911870267932711,-16.284563624663075
10708.053608096005,-0.011270657329033441,-16.713827863293488
10714.691004713952,-0.0095382919707327554,-17.203718861403836
10721.332515528138,-0.0097555778084139049,-17.704399606059447
10727.978143088747,-0.0095085641280446449,-18.242609184429167
10734.627889947553,-0.0092767053193351726,-18.835249151677999
10741.281758657902,-0.0080245543226728014,-19.507813400438273
10747.939751774733,-0.0089662450710891912,-20.258437768233961
10754.601871854557,-0.0087840502132458271,-21.050916507401361
10761.268121455478,-0.0083238711819743141,-21.947062568493337
10767.938503137186,-0.0091873151079684637,-22.960965783526852
10774.613019460949,-0.0074848825438624282,-24.165440650913975
10781.291672989635,-0.0083422333465895809,-25.527949050459927
10787.974466287691,-0.009067001147015058,-27.265215513200101
10794.661401921157,-0.00844975090799659,-29.529247804737537
10801.352482457663,-0.0079804779894244345,-32.448760441812183
10808.047710466433,-0.0082854995581347277,-37.299987513468309
10814.747088518279,-0.008581518238491067,-46.405182191551674
10821.450619185611,-0.0093984257392019689,-41.515344656074319
10828.158305042427,-0.0087194547532704128,-34.443066833088885
10834.870148664329,-0.008376667221457865,-30.468519966090856
10841.586152628512,-0.009357875580194179,-27.713259876079078
10848.306319513764,-0.008346797103490582,-25.671690984900337
10855.030651900479,-0.010145256462259097,-23.906782263447631
10861.759152370647,-0.0088277329928242547,-22.443985446209798
10868.491823507853,-0.0099561929650529204,-21.104531728649867
10875.228667897296,-0.008164149061011091,-19.997513353992353
10881.969688125766,-0.0089006784681210371,-18.928279354272949
10888.71488678166,-0.0085884724864763173,-17.970894045850141
10895.464266454981,-0.0087841507089416182,-17.101446746770858
10902.217829737338,-0.0084968467829071651,-16.268146473647963
10908.975579221942,-0.0092998495232715587,-15.522686775302059
10915.737517503616,-0.0095231963906094522,-14.805880554724158
10922.503647178788,-0.0086962365427688849,-14.122929796773329
10929.273970845499,-0.009021954684517856,-13.493358037310877
10936.048491103398,-0.009049355488628813,-12.888776118352743
10942.827210553747,-0.0088652416780137782,-12.295370925258993
10949.610131799414,-0.0081537370220745378,-11.721318187709993
10956.397257444891,-0.0075349249047142706,-11.169034024999569
10963.188590096277,-0.0080086010416239705,-10.651022697540355
10969.984132361289,-0.0084707972245986942,-10.130839579132054
10976.78388684926,-0.0088195166317671346,-9.6411678286375402
10983.587856171136,-0.0085541345624211979,-9.1691262008195515
10990.396042939492,-0.0089980681510558394,-8.6891042081143439
10997.208449768512,-0.0083758325630142599,-8.2352878547563915
11004.025079274006,-0.0080975380539796329,-7.7892770395448458
11010.845934073404,-0.0082612712209122717,-7.356086133178442
11017.671016785756,-0.0087784996401867633,-6.9351521857384926
11024.50033003174,-0.0085891127909484069,-6.5164920521000544
11031.333876433655,-0.0090377438471467356,-6.104148252552636
11038.171658615427,-0.0093551270984690051,-5.7016186032019807
11045.013679202606,-0.0083103428228689866,-5.2912183038077254
11051.859940822374,-0.008837207395318054,-4.8954848571556067
11058.710446103538,-0.0096036214997163617,-4.5167071394596023
11065.565197676535,-0.0097288660151413232,-4.129051890344801
11072.424198173432,-0.010538084355448053,-3.7560229069193305
11079.28745022793,-0.010249172978618369,-3.3790245724749584
11086.154956475359,-0.010636287164871111,-3.0028801299558392
11093.026719552687,-0.011560579348935647,-2.6360489941190206
11099.902742098509,-0.011736888327844315,-2.27479454284147
11106.783026753066,-0.012015607967332698,-1.9093096526036217
11113.667576158228,-0.012595543503654221,-1.5479443885856861
11120.556392957504,-0.014953396566942653,-1.1946200113870371
11127.44947979604,-0.014188809721426932,-0.83525671175513139
11134.346839320626,-0.014887475698519318,-0.48399524358522567
11141.248474179689,-0.015446340952034497,-0.12716616690091176
11148.154387023304,-0.0170060293601994,0.21954278425653889
11155.064580503175,-0.017997958563568263,0.5703491688254877
11161.979057272663,-0.018685760785509105,0.91409321543995237
11168.897819986769,-0.019886001085615015,1.2615006131254907
11175.820871302138,-0.022563473519570543,1.6081888445515569
11182.748213877067,-0.023322352836168073,1.9534502334558301
11189.679850371493,-0.025045515145970518,2.2946295884401828
11196.615783447005,-0.02236419980941811,2.6393602370919531
11203.556015766848,-0.021538263907391417,2.9783852437724212
11210.50054999591,-0.020176338251184721,3.3168036347845065
11217.449388800729,-0.018680609364517604,3.6528802934935611
11224.402534849507,-0.018299238971111333,3.9908997716790138
11231.359990812089,-0.016659094063740113,4.3239285741424709
11238.321759359978,-0.015513875120018138,4.6555917720504327
11245.287843166338,-0.015165126979917383,4.9759932530804143
11252.258244905983,-0.014544288656236656,5.2955802599256021
11259.232967255386,-0.013486599671659438,5.6086335281617918
11266.212012892685,-0.01321018409146248,5.9148474198355663
11273.195384497672,-0.012289586997820783,6.217479161203407
11280.183084751801,-0.011794874847663023,6.5108778470722308
11287.175116338192,-0.011678653288222892,6.7951092469690799
11294.171481941621,-0.010886224428585587,7.0736186374923946
11301.172184248537,-0.0098614620287298706,7.3401900523982597
11308.177225947045,-0.010063545707687499,7.5944503983532776
11315.186609726923,-0.0095726666940107209,7.8413078403314129
11322.200338279614,-0.010131733111385821,8.0727499674607408
11329.218414298228,-0.0088001326175182037,8.2981311678094798
11336.240840477549,-0.0091813003123502792,8.5106303274005963
11343.267619514023,-0.0083126421943761578,8.7049145324387442
11350.298754105777,-0.0083693342498719365,8.8571484614369211
11357.334246952603,-0.0082602287791664793,8.9773789776556594
11364.374100755973,-0.0084955213052707278,9.0768301476054098
11371.418318219025,-0.0083934721179531047,9.1606302779875151
11378.466902046579,-0.0081642302728666336,9.2343805529035432
11385.519854945132,-0.0082961930738210295,9.2972874862227872
11392.577179622853,-0.0089063844630622915,9.3515608855912156
11399.638878789596,-0.0085090942712467907,9.3991777713078317
11406.704955156893,-0.0085871240500004133,9.4409272784962983
11413.775411437953,-0.0085266252482954635,9.4766340781122338
11420.850250347668,-0.0085015829316004536,9.5083086239574843
11427.929474602619,-0.0090673550948256239,9.5360813912931821
11435.013086921064,-0.0082764138867437546,9.5605488395515952
11442.101090022947,-0.0089989847541881492,9.5808811286816589
11449.1934866299,-0.0096235911689818762,9.5990692314477659
11456.290279465242,-0.0095418351278605765,9.614733008203606
11463.391471253977,-0.0091196073867907766,9.6278234075938318
11470.497064722802,-0.0092156331279667492,9.6384958234714464
11477.6070626001,-0.0087924388665303749,9.6475368871407792
11484.721467615951,-0.0094918899921510574,9.6549635919363759
11491.840282502122,-0.0099702991982201679,9.6602515717480824
11498.963509992074,-0.0095962682834158566,9.6648978309817881
11506.091152820965,-0.0090734182124526282,9.6672696606866495
11513.223213725645,-0.0094181013882549264,9.6689181289076878
11520.359695444664,-0.0087417542669687778,9.6688267121229359
11527.500600718269,-0.0094779640852505308,9.6679428293691814
11534.6459322884,-0.0090067136847895753,9.666234422305255
11541.795692898706,-0.0092516785736768293,9.6630085115379458
11548.949885294527,-0.0095944064480598616,9.6587911853044854
11556.108512222911,-0.0090049606620417957,9.6539950114596742
11563.271576432608,-0.0098196089663871132,9.6480462099453153
11570.43908067407,-0.0091699071019181004,9.6413259715518436
11577.611027699453,-0.00839005037028865,9.6339637219196845
11584.787420262623,-0.0087184472275091563,9.6257878976970446
11591.968261119149,-0.00892214504182803,9.6165869114045108
11599.153553026312,-0.0094043406769983955,9.6067147420741321
11606.343298743095,-0.0086693059925186267,9.5962003740189399
11613.537501030201,-0.008723197079899497,9.5848379392473166
11620.736162650037,-0.008449377460050287,9.5725961908432264
11627.939286366724,-0.0083308562240230408,9.5599908182648203
11635.146874946098,-0.0086552799213260641,9.5468753894338061
11642.358931155706,-0.0084094636531498491,9.5327267654899206
11649.575457764815,-0.0089421138609696339,9.5180446515672354
11656.796457544406,-0.0084266380427763937,9.5025542983684286
11664.021933267175,-0.0089710533244105814,9.4864761345861179
11671.25188770754,-0.0091386983459804047,9.469661980024549
11678.48632364164,-0.0094895939788456288,9.4525172454415554
11685.725243847333,-0.0095326933229059364,9.4347991017247406
11692.968651104198,-0.0096766505051615135,9.4160130070530901
11700.216548193535,-0.0098741726346374039,9.3968552643053762
11707.468937898378,-0.0097274744523393256,9.3763141843062225
11714.725823003471,-0.010323579994566038,9.3552832042173311
11721.987206295295,-0.010554645449199259,9.3346806388849259
11729.253090562055,-0.010478403083655019,9.3124721971029594
11736.523478593685,-0.011101417771107467,9.2900511571656015
11743.798373181846,-0.011542852964009389,9.2661261808044433
11751.077777119934,-0.012667319910920835,9.2416534196747886
11758.361693203067,-0.013068071361617419,9.2173402856402191
11765.650124228112,-0.013038369536602748,9.1914884672223014
11772.943072993652,-0.01384741441704709,9.1648878782113492
11780.240542300016,-0.014855609803789891,9.138138100411231
11787.542534949263,-0.015127753120412334,9.109130998980957
11794.849053745194,-0.016828853034894495,9.0800298452120067
11802.160101493344,-0.017527156043947272,9.0499392064523629
11809.475681000986,-0.018753341033682324,9.0191019798782932
11816.795795077138,-0.019040533199510528,8.9870461243094759
11824.120446532555,-0.020776863916711078,8.9547356216535405
11831.449638179736,-0.021636332137822577,8.9211683714550158
11838.783372832921,-0.02319399208852066,8.8850129337796915
11846.121653308101,-0.024760631356468627,8.8487771651317875
11853.464482423004,-0.024180464031318835,8.8129330139625921
11860.811862997107,-0.022187922909369953,8.7761610249325521
11868.163797851641,-0.020983272221001232,8.7366937837653147
11875.520289809576,-0.020370528383343606,8.695089552135542
11882.881341695642,-0.017973415567472565,8.6509078537156689
11890.246956336308,-0.017849626019666415,8.6005746877560423
11897.617136559807,-0.017032227261834995,8.5535268931615693
11904.991885196116,-0.015641851052017867,8.5064447626350912
11912.371205076972,-0.014819555691189467,8.4580460355972313
11919.755099035865,-0.014107104552321312,8.4129923937919759
11927.143569908039,-0.013200670646747405,8.3637740361561406
11934.5366205305,-0.012980658224029116,8.3162406868770997
11941.934253742011,-0.013007048934972379,8.2704253848344518
11949.336472383091,-0.011562563518072064,8.2231502993758916
11956.743279296024,-0.011341188294944609,8.1768375294331861
11964.154677324857,-0.010892330740568036,8.1308394757951596
11971.570669315393,-0.010579874764446686,8.0855087535331123
11978.991258115206,-0.0099681256617779844,8.0413448738705302
11986.416446573632,-0.0093961870173092203,7.9949615406082213
11993.846237541773,-0.0098044865508840583,7.9502042869296083
12001.2806338725,-0.0092309002704326105,7.9047496766061345
12008.719638420447,-0.0091432638287189862,7.8603991645386468
12016.163254042027,-0.0084804662045647877,7.8162203439803069
12023.611483595414,-0.0093427316412654973,7.771313051677037
12031.064329940562,-0.0088041014330939339,7.7289208135314977
12038.52179593919,-0.0089655929894378317,7.684377158302814
12045.983884454794,-0.0084852936343329313,7.6420614351666138
12053.450598352647,-0.0085687301867697126,7.6000293202554392
12060.921940499798,-0.009467355608592725,7.5547245077835203
12068.397913765068,-0.0086620323070161244,7.5140270116684791
12075.87852101906,-0.0085369735537662358,7.4723990364200716
12083.363765134158,-0.0087179943081205045,7.4301469397544606
12090.853648984525,-0.0089814781318385811,7.3890335830543732
12098.348175446103,-0.0090847264343133834,7.3480039747410242
12105.847347396619,-0.0095104772192576709,7.3069603755899726
12113.351167715584,-0.0088837319097320594,7.2674299514348926
12120.859639284294,-0.0092684299939761912,7.2284887550566346
12128.372764985828,-0.0094569355095836128,7.1897507851790294
12135.890547705058,-0.0088712506666538682,7.1486665439634791
12143.412990328639,-0.0088470455556734964,7.1113442517966741
12150.940095745014,-0.009290926859762752,7.0733147967942482
12158.471866844422,-0.0096207494273436202,7.0351909991977593
12166.008306518894,-0.0099396688166832059,6.9947064080461256
12173.549417662243,-0.010203534248380303,6.9576091794162132
12181.095203170091,-0.0093779210732312449,6.9210395189582608
12188.645665939839,-0.009234244529560072,6.8842467541822927
12196.200808870699,-0.010415681242462501,6.8485483783934962
12203.760634863669,-0.0096451979973343118,6.8108062533134985
12211.325146821553,-0.0094190645120150931,6.7754020039090221
12218.894347648946,-0.0096435433366247204,6.7387111161266926
12226.46824025225,-0.0091135510375282523,6.7048754418508363
12234.046827539667,-0.0092311580015047388,6.6698781202223225
12241.630112421199,-0.0096362563228816513,6.632211586688646
12249.218097808658,-0.0098817668334102386,6.6007830601062913
12256.810786615653,-0.0091055558771767978,6.5647836113390809
12264.408181757606,-0.0096873011040157341,6.53202807724076
12272.010286151739,-0.0095860895738347687,6.4993916612484686
12279.617102717089,-0.0096528544858818944,6.465606080787671
12287.2286343745,-0.0092007154022890059,6.4326224424561351
12294.844884046624,-0.0098511421594798428,6.3996236986228681
12302.465854657927,-0.0093937548022275802,6.366683315157613
12310.091549134688,-0.0095040406336390475,6.3357077944655291
12317.721970405,-0.0090867893955178976,6.3031037107053534
12325.357121398769,-0.0090678948782066757,6.2733948243612545
12332.997005047719,-0.008371443640649746,6.2427340320407687
12340.641624285388,-0.0094320570465752599,6.2097704621564089
12348.29098204714,-0.009252529662598135,6.1800786996932686
12355.945081270149,-0.0090821896562048744,6.150110064142094
12363.603924893418,-0.0089473160473509273,6.1184078964297814
12371.267515857762,-0.0092947987566364063,6.0887902598314181
12378.935857105829,-0.0096157517225890759,6.0587709039711175
12386.608951582086,-0.0094201037600428663,6.0290957228134072
12394.286802232826,-0.0085710935715369915,6.0018093825927803
12401.969412006167,-0.0095445220944796356,5.970710526192863
12409.656783852055,-0.0094790338457869973,5.9431546885649258
12417.348920722265,-0.0097940815853805093,5.9141586440412848
12425.045825570403,-0.0095581835672665164,5.887619064261262
12432.747501351903,-0.0095324895248302677,5.8602844166245074
12440.453951024036,-0.010293794436963389,5.8304824051047248
12448.165177545896,-0.011109053853229973,5.8034226893206924
12455.881183878422,-0.010869986550236153,5.7748071134540382
12463.601972984381,-0.010629463593970347,5.7501316141685539
12471.327547828383,-0.01109124835024522,5.7225958405024162
12479.057911376871,-0.012025236651956522,5.6952107129496508
12486.793066598128,-0.012822442428203112,5.667272825770393
12494.533016462272,-0.012359105884654116,5.6433775045417391
12502.277763941272,-0.012877378274042811,5.6156803704260643
12510.027312008933,-0.013514584450972852,5.5894953371445943
12517.781663640902,-0.01547384582785644,5.5610517029584026
12525.540821814677,-0.015353898686748094,5.5384332644515357
12533.304789509592,-0.016080703121511847,5.5115406984772228
12541.073569706836,-0.016863886377063691,5.4878750445429585
12548.847165389439,-0.017861395968485353,5.4619897810053653
12556.625579542291,-0.01994674754022456,5.4372888647329081
12564.408815152121,-0.021318184488701711,5.4093318573392057
12572.196875207512,-0.022798520833556109,5.3861273687525637
12579.989762698902,-0.023031673311819607,5.3613755405215748
12587.787480618583,-0.025259084761503573,5.3360364635295552
12595.590031960699,-0.023563041425071107,5.3142613302410489
12603.397419721252,-0.022748096340989767,5.2929735280042998
12611.209646898098,-0.021174402503751355,5.2716186003883738
12619.026716490958,-0.019762674874166809,5.2498025204467176
12626.848631501403,-0.018474256704481593,5.228539215949767
12634.675394932874,-0.017195541318436536,5.2091763949292735
12642.507009790665,-0.016407629076817115,5.1864360061342483
12650.343479081939,-0.015598491898504253,5.1653130295935163
12658.184805815721,-0.014688920382550406,5.1445819933932899
12666.0309930029,-0.014115202504783998,5.1236470469086495
12673.882043656235,-0.013641643626563955,5.1043438153844978
12681.737960790346,-0.012043661009872714,5.0858017823823385
12689.598747421729,-0.01179003796479141,5.0627536714090402
12697.464406568744,-0.012191730247197219,5.0415405430102078
12705.334941251625,-0.011426261863808112,5.0243087165600304
12713.210354492478,-0.010633834595879143,5.0046530378744603
12721.09064931528,-0.010107774516013437,4.9841507832216188
12728.975828745883,-0.010301985453877517,4.9639695213712756
12736.86589581202,-0.0099988238903573733,4.9430198369955356
12744.760853543292,-0.0104402780619105,4.9243690634663562
12752.660704971184,-0.0090514947211041141,4.9063516892898793
12760.565453129057,-0.008982394387788202,4.8875589717382608
12768.475101052156,-0.0093810053978697436,4.8660209558805363
12776.389651777601,-0.0096480163036311503,4.8484841264933669
12784.309108344401,-0.0088204035309412173,4.8300595426934398
12792.233473793447,-0.0081699555278197371,4.811486795172927
12800.162751167512,-0.009204611279693662,4.791926932837665
12808.096943511258,-0.0079410740872930333,4.77413514750587
12816.036053871234,-0.008983046096501239,4.7559373177886348
12823.980085295876,-0.008769757456737989,4.7373441907131921
12831.92904083551,-0.0093128006714678219,4.7203082968375227
12839.882923542353,-0.0074500059714065966,4.7024983715969864
12847.841736470515,-0.0091011513911688109,4.6851707773133846
12855.805482675996,-0.009937300295630792,4.6651352020913412
12863.774165216697,-0.0091842761897940328,4.6502045816078255
12871.747787152402,-0.0099648410148436214,4.6304532575242776
12879.726351544808,-0.0089867392992471692,4.6150695765143714
12887.709861457497,-0.0097786467257573399,4.5952585511057062
12895.698319955955,-0.0093832335757637192,4.5793528641812937
12903.691730107565,-0.0093216726321991902,4.56403934634075
12911.690094981617,-0.0096706983557768994,4.5480503278138675
12919.693417649298,-0.0091122236798645544,4.5300533979124165
12927.701701183702,-0.0094625700199218194,4.5137334779212175
12935.714948659825,-0.0093408208700647109,4.4964847202764959
12943.733163154571,-0.0096628309820476418,4.4799962620914284
12951.756347746754,-0.0095820719665723527,4.4656571756817591
12959.784505517091,-0.0093269538115812282,4.4497616307345105
12967.81763954821,-0.010244438000725328,4.4334332717949474
12975.855752924652,-0.010201871093482553,4.4171477809815372
12983.89884873287,-0.0093311705194607519,4.4028772909546312
12991.946930061225,-0.0095044253697738577,4.3873909967348288
13000,-0.009197186465633618,4.3720289463077009
