f,v1,v2,pha
1000,0.0066782283477814274,-1.3823650920723911,172.93575190939683
1004.6204213468127,0.007095944598841681,-1.3819516324464074,172.89254547462104
1009.2621909870473,0.0067375985028956115,-1.3797644180413458,172.85668120177652
1013.9254075588154,0.0061577098156782991,-1.3813244142731458,172.82861550653632
1018.6101701559758,0.0060604726008416255,-1.3807094722508417,172.78536946853555
1023.316578330245,0.0058299807107030782,-1.3803188319252071,172.74814067824741
1028.0447320933092,0.0060262535301862132,-1.3817912719412986,172.71723564628991
1032.7947319189514,0.0063375889347596394,-1.3789863410857222,172.69839273333588
1037.566678745186,0.0065634404118537822,-1.3796942484041261,172.64524935434514
1042.3606739764018,0.0060271732078385071,-1.3797477970385177,172.62270551044628
1047.1768194855204,0.0059399002272943098,-1.3796524970371049,172.59200559490807
1052.0152176161585,0.0063556386227722333,-1.3801961642100034,172.5441871539237
1056.875971184804,0.0065419082209767568,-1.3800130174647078,172.51602276082139
1061.759183483,0.005687463020875012,-1.3797895381987904,172.47723982915346
1066.6649582795394,0.0060100722705529967,-1.3790968585411936,172.44128925970233
1071.5933998226712,0.006544646168628823,-1.3805572156286996,172.40623883438442
1076.5446128423155,0.0060422038230666907,-1.379003344873595,172.37695130112917
1081.518702552288,0.0057374867284559856,-1.3801667466212115,172.33608155523237
1086.5157746525383,0.0066009894408585977,-1.3810207656285707,172.29261590091335
1091.5359353313916,0.0061065545642561957,-1.3788104811256536,172.2614457179819
1096.5792912678098,0.0064357867421070726,-1.3784055702334981,172.22511307924287
1101.6459496336563,0.006448860568311874,-1.3793897641733284,172.19578540926267
1106.7360180959733,0.0063772465524524688,-1.3787235896149874,172.14902416031742
1111.849604819271,0.0065307075155844963,-1.3803545175398111,172.11370431643635
1116.9868184678232,0.0062168904875584286,-1.3791892925759361,172.08208906720324
1122.1477682079803,0.005776955857436432,-1.3776301578081094,172.03974139022165
1127.3325637104865,0.0059728537037601719,-1.3772602821777333,171.99598069050674
1132.5413151528114,0.0061970698457348965,-1.3777243547883145,171.96172822713791
1137.7741332214914,0.0064250135967765807,-1.3792605502548754,171.92409106389292
1143.0311291144792,0.0061046607300474032,-1.377334872637527,171.88712242022646
1148.3124145435111,0.006555345044494597,-1.3785348181271844,171.85208857297658
1153.6181017364779,0.0066947920163950448,-1.3779083368493565,171.81017145476139
1158.9483034398106,0.0062353702985775694,-1.378256276720828,171.77325892107086
1164.3031329208768,0.0057897423674685995,-1.3788910746264738,171.71915101465441
1169.6827039703853,0.005662200297726681,-1.3796583126648003,171.69536790904436
1175.0871309048075,0.0056106833118939083,-1.3786958339450295,171.66429207357058
1180.5165285688049,0.0056521094200276921,-1.3763498237972898,171.6163302962641
1185.9710123376694,0.0061957270523062867,-1.3794978586324367,171.58179971277053
1191.450698119776,0.0064908150550553609,-1.3782996798858982,171.53708044488752
1196.9557023590435,0.0063869814937404581,-1.3774097166947419,171.4868375727003
1202.4861420374123,0.0063788598424511685,-1.3777279932999247,171.44376459610476
1208.0421346773282,0.0062332879832718222,-1.3786611425427575,171.41473983152696
1213.6237983442411,0.0058624933430056359,-1.3769544641695319,171.36545560814304
1219.2312516491106,0.005920465465217851,-1.3780693901689054,171.33809367656289
1224.8646137509313,0.00528001434142681,-1.3787116083161741,171.28906131682294
1230.5240043592617,0.0049885907075380509,-1.3776074691475746,171.25700694522527
1236.2095437367686,0.0059845013964919258,-1.3757074588248894,171.20323003745628
1241.9213527017839,0.0055690875495759198,-1.3767777176392351,171.16737425842692
1247.6595526308697,0.0058946058869405113,-1.3759639007176174,171.1210523575844
1253.4242654614002,0.0052028599799245467,-1.3771505463789562,171.08887026550201
1259.2156136941508,0.0058305724881794301,-1.3764141226199316,171.03616459260508
1265.0337203959032,0.0054094197703373923,-1.3750556693157874,170.99907585451015
1270.8787092020589,0.0055988650074162843,-1.3765273403855232,170.95162034209099
1276.7507043192657,0.0052017843363116349,-1.376666026350932,170.9049162583641
1282.6498305280604,0.0054443467231434046,-1.3770275077695924,170.86842092784605
1288.5762131855179,0.0052403399430966764,-1.3769913159162952,170.82463524259509
1294.5299782279153,0.0046991310548811253,-1.3764827882619659,170.77460844393718
1300.5112521734093,0.0054360616429854139,-1.3765411323647787,170.73584531452323
1306.5201621247211,0.0050797802762956711,-1.3761822499631102,170.689122808538
1312.5568357718435,0.0050659823503248734,-1.3744983105541793,170.65257778131289
1318.6214013947485,0.0053083721299707577,-1.376032235541917,170.60435890586493
1324.7139878661169,0.0045025015093055603,-1.3738019117849618,170.55282315784407
1330.8347246540754,0.0045212477906330824,-1.3756935388356271,170.51630408203917
1336.9837418249465,0.005468283404634065,-1.374571475684194,170.45926126588023
1343.161170046016,0.0048233871342447093,-1.3743652475570358,170.43085640047343
1349.3671405883065,0.0047294594078591008,-1.3738438616164719,170.38272264803499
1355.6017853293683,0.0052220448233039956,-1.3753946433808704,170.32481827998606
1361.8652367560821,0.0050850641288835647,-1.3758223131336433,170.28422235837706
1368.1576279674719,0.0049900266436361538,-1.3732986514807659,170.23633556637964
1374.4790926775374,0.0048197334686027769,-1.37473858039481,170.19438516272595
1380.8297652180922,0.004165943543346407,-1.3741933465220801,170.14899855792231
1387.2097805416201,0.0055158258951337174,-1.3732247931005002,170.09432510242749
1393.6192742241428,0.0048699223860254768,-1.3734620927844285,170.04675953832682
1400.0583824680975,0.0051742212600173025,-1.3740009213569766,169.99588876822199
1406.5272421052371,0.0049684465112480739,-1.3732071970073561,169.95073328687039
1413.0259905995338,0.0049598283579611368,-1.3738246644766059,169.9059130461828
1419.5547660501015,0.0049814953608186083,-1.3739320866039186,169.85691372614403
1426.1137071941289,0.004901045177039879,-1.3724873127743114,169.80936341161279
1432.7029534098308,0.0048652406455116648,-1.3733971321919227,169.75606297816049
1439.3226447194072,0.0044987666090629957,-1.3723428571812548,169.71166854493285
1445.9729217920194,0.0050783761398524698,-1.3728749210134565,169.66098885775602
1452.6539259467811,0.0052699434012493281,-1.3726692725094747,169.61279115720566
1459.365799155757,0.0049144894270440435,-1.3726396942635617,169.55849278596381
1466.1086840469845,0.0050513405779441904,-1.3724533967791788,169.50996572067012
1472.8827239075026,0.0048866569378145132,-1.3723067521434096,169.45755799790777
1479.6880626863963,0.0050597943465229521,-1.3722579428564086,169.4088315699895
1486.5248449978571,0.0056386158532692274,-1.3724815875992922,169.3534024314034
1493.3932161242526,0.0043995111368737806,-1.3715255195120695,169.30897089939037
1500.2933220192183,0.0047628893970887006,-1.3719504674153205,169.25665849273349
1507.2253093107563,0.0051703436555644681,-1.3721754694349295,169.19737076674477
1514.189325304352,0.0042923620156443158,-1.3713593693238713,169.15263486685393
1521.1855179861047,0.0049427024677602162,-1.3722914727572402,169.09767363497738
1528.2140360258702,0.0032402257516267337,-1.3710126364543198,169.04288883673217
1535.2750287804226,0.0046634142192207694,-1.3711145893654115,168.99087370964622
1542.3686462966282,0.004493639910631877,-1.3707657756722038,168.94094179488152
1549.4950393146316,0.0046455195514014079,-1.3701843916783929,168.88675296447775
1556.654359271062,0.0049460154107005862,-1.3712687761267197,168.83142783444401
1563.8467583022471,0.0040241439753930484,-1.3703729785626524,168.77383404657309
1571.0723892474502,0.0053222615822285414,-1.3711906280146424,168.73005620632739
1578.3314056521174,0.0038164382671032142,-1.3693545078473912,168.67208040307102
1585.6239617711374,0.0045166161375207528,-1.3695630848440696,168.61660752159912
1592.9502125721231,0.0045957299393349508,-1.3686364917952329,168.55635448105477
1600.3103137387009,0.0040540898926692166,-1.3692994257534812,168.50602863567195
1607.7044216738236,0.0036876343081846384,-1.3691050685814625,168.44846306773741
1615.1326935030904,0.0048049729334158587,-1.3696419451429318,168.39124610320005
1622.5952870780873,0.0043970387239884445,-1.3695793921564552,168.33564229803423
1630.0923609797412,0.003726243541892763,-1.3694050590115023,168.28003387503034
1637.624074521688,0.0040694452952017499,-1.3691233602102584,168.22219563793243
1645.1905877536626,0.0039305958636226927,-1.368231736916639,168.16821832584276
1652.7920614648947,0.0040216903425936449,-1.3680619441633268,168.11109126095891
1660.4286571875296,0.0036344347223306096,-1.3682252496250467,168.05129978027591
1668.1005372000593,0.0038729254160616419,-1.3671237280120887,167.99774373315819
1675.8078645307678,0.0041092221983855034,-1.3680617318796204,167.93055974716199
1683.5508029612024,0.0039779039405252476,-1.3671195609538389,167.87833484047968
1691.3295170296481,0.0034528118994061816,-1.3670372354947271,167.81520278620721
1699.1441720346261,0.0038133331446196339,-1.3670081135831107,167.75345488671107
1706.994934038408,0.0037931623140105486,-1.3662563126542784,167.69890444000913
1714.8819698705402,0.0033730732539405651,-1.3667196039471119,167.6355323780792
1722.805447131394,0.0037823220784093687,-1.3662641324798654,167.57144821071878
1730.765534195725,0.0037000200302470475,-1.3666845805843286,167.51753970825791
1738.7624002162504,0.0034753915426964793,-1.3663880020200467,167.4592879275408
1746.7962151272457,0.0035257921670227717,-1.3658190858100494,167.39299098650929
1754.8671496481511,0.0033396233186659377,-1.3653512806009493,167.32899429811505
1762.9753752872057,0.0036342490678426377,-1.3657984288567573,167.26644664942773
1771.1210643450877,0.0028565685156669079,-1.3653736198730737,167.20706999235225
1779.3043899185773,0.0041913889449462704,-1.365528818036374,167.1449675901529
1787.5255259042353,0.0032778379661925821,-1.3640109880205078,167.07627388277038
1795.7846470020959,0.0033665773820664596,-1.3646397741733873,167.01559845239186
1804.0819287193826,0.0027992563646024524,-1.3634130552273458,166.95317721942146
1812.4175473742368,0.0031544399107184449,-1.3646866033526217,166.89017985742495
1820.7916800994626,0.0028829860301753376,-1.3641469726279847,166.81824501787401
1829.2045048462937,0.0031385325773176289,-1.3630210677656782,166.75847064891252
1837.6562003881713,0.0029818055674974125,-1.3633476132327973,166.69336914918716
1846.1469463245473,0.0028945472331022349,-1.3629723583126419,166.62739355684258
1854.6769230846985,0.0035938136814040551,-1.3631079705014955,166.55795242889133
1863.2463119315598,0.002980911621203708,-1.3627567474070337,166.49361314118005
1871.8552949655791,0.0033757240805254033,-1.3626286885911141,166.43109285733243
1880.5040551285824,0.0022109847002711289,-1.362788787266477,166.3602081577568
1889.1927762076666,0.0022206337611126977,-1.3610682137285657,166.28728915070332
1897.9216428391003,0.0020080556826419815,-1.3612083227202785,166.23126802875115
1906.690840512252,0.0025945191034096394,-1.3615242763059543,166.15608888281099
1915.5005555735279,0.0022286412370151939,-1.3608144345415347,166.08680359191018
1924.3509752303312,0.0028287156017258743,-1.3610603057616346,166.02080669182271
1933.2422875550453,0.0022393282255613986,-1.3597213181291954,165.94893946209459
1942.1746814890257,0.0026590451927333203,-1.3602935156241247,165.88319101223365
1951.1483468466165,0.0030778551967608602,-1.3594992203620018,165.81664400763938
1960.1634743191858,0.0022328697519575359,-1.3600013466811014,165.74488073557353
1969.2202554791725,0.003321704525078086,-1.3592412097116218,165.67101832010249
1978.3188827841643,0.0031953296203450169,-1.3590665626095642,165.59718904603548
1987.4595495809829,0.0028423250878653675,-1.3583484142571736,165.5276084614803
1996.6424501097933,0.0019322308040652764,-1.3594409142799311,165.45240877888475
2005.867779508234,0.0028648312633137631,-1.3588962110144278,165.3785637813381
2015.1357338155574,0.0016655093045453084,-1.3570189650973321,165.30814885667061
2024.4465099768038,0.0017265943655594266,-1.3564921186636631,165.23984975036043
2033.800305846981,0.0019489945304875466,-1.3583557574542886,165.16673405813029
2043.1973201952703,0.0010721865834596256,-1.3556706429762833,165.08382140899309
2052.6377527092523,0.0017937552340424119,-1.3562656019888377,165.01086300286363
2062.1218039991436,0.0011324587631098744,-1.3553434205557899,164.93859255315772
2071.6496756020688,0.0023084918920616565,-1.3553390394927134,164.85890364826508
2081.2215699863382,0.0021197495067515832,-1.3543062036535234,164.78988258152646
2090.8376905557498,0.0019808875912410537,-1.3551838831945395,164.70725889278236
2100.4982416539151,0.0018298872990716898,-1.35572180539772,164.63847206109915
2110.2034285685954,0.0014725580451074112,-1.3545948788132913,164.55958521367612
2119.9534575360708,0.002102085641298664,-1.3538306394727109,164.47951288525422
2129.7485357455198,0.00097460446144418083,-1.353172106419664,164.40989715810113
2139.5888713434215,0.001405974824899382,-1.3532216923578262,164.32553786223988
2149.4746734379805,0.0013741052014515592,-1.3539089657574377,164.24407363453273
2159.4061521035665,0.0016300160771459808,-1.3531466449021547,164.16585965759774
2169.3835183851843,0.002148930400396458,-1.3520049591655212,164.08629453981484
2179.4069843029547,0.00096187256103160996,-1.3518584394368538,164.00488222642915
2189.476762856621,0.001423341025423063,-1.3522512144933083,163.92364933703269
2199.5930680300748,0.0018286237893950523,-1.3519272579722543,163.84060122653739
2209.7561147959022,0.00089458388807391335,-1.3504335932650113,163.76157893993243
2219.9661191199548,0.00017728963035834816,-1.3496559984900438,163.68096899091245
2230.2232979659375,0.0002678621325103259,-1.3499063283018917,163.59567291503171
2240.5278693000182,0.0016519549766741189,-1.3497093599234935,163.50969018661152
2250.8800520954619,0.00086056154329347653,-1.3494020458091518,163.43426134160759
2261.2800663372782,0.00090170197269410601,-1.348696183087573,163.33767001215375
2271.7281330269052,0.00073161585750796884,-1.3486908695546447,163.26416444877606
2282.2244741868976,0.00035482949057461357,-1.3476203169668892,163.18016484947299
2292.7693128656488,0.00065122917369832734,-1.3481529944683293,163.08746953225364
2303.3628731421313,-0.00023250008880973443,-1.346867718381453,163.00111241591691
2314.0053801306531,0.00058065404361776153,-1.3463906814188951,162.91531658913675
2324.6970599856481,0.00085483770636835172,-1.3463205404920369,162.82589103399033
2335.4381399064791,0.00071600080328549037,-1.3453957867513293,162.73952189127755
2346.2288481422624,0.00090851034288199684,-1.3460593581130813,162.64898697197549
2357.0694139967277,0.00032171204057288981,-1.3464063680247116,162.55654567836265
2367.9600678330776,0.00025167633416070089,-1.3451292754072735,162.46788956834689
2378.9010410788933,0.0012875954970360227,-1.3452925177078408,162.37979491558735
2389.8925662310503,0.00064911664715942884,-1.3445088497550799,162.29327849430166
2400.9348768606519,-9.0064252141711654e-05,-1.3424051126516425,162.20683744671999
2412.0282076180069,0.00079484612852495618,-1.3432773832977571,162.10936643172437
2423.1727942375996,0.00038986014577692765,-1.3426848948073553,162.02083577555308
2434.3688735431106,-0.00061589056228291664,-1.3424850992532553,161.92242937678373
2445.6166834524465,-0.00067328888009787302,-1.3415282621197475,161.82648252540082
2456.9164629827901,-0.0002404496743923018,-1.3407291043401894,161.73464683324229
2468.2684522556924,-0.0003338243290756743,-1.3403463206553208,161.63664332364132
2479.6728925021589,-0.00055948642813553613,-1.3401036878127084,161.54497520138389
2491.1300260677885,-0.00045922804440558598,-1.3400277747187748,161.444239150085
2502.6400964179193,0.00012863006395449409,-1.3393432605180156,161.34925304026083
2514.2033481427979,-0.00065088461223432249,-1.3386425564890274,161.25383690313214
2525.8200269627846,-0.00027013112319050294,-1.3385155686396146,161.15657272206727
2537.4903797335705,-0.00099474721931574204,-1.3376118706177422,161.05861953899878
2549.214654451423,-0.00023074881608313238,-1.3374023759878242,160.96486700617899
2560.9931002584594,-0.0002509834839886651,-1.3374708115317768,160.86236242792214
2572.8259674479332,-0.00040697421679724226,-1.3356255711038836,160.75844945592743
2584.7135074695639,-0.00013864116037951406,-1.3355884544702792,160.65710159016245
2596.655972934871,-0.00095602430826611921,-1.3354793245590177,160.55460823002576
2608.6536176225477,-0.00036774052161200454,-1.3351742537016433,160.45895138202241
2620.7066964838527,-0.0017237275783963928,-1.3339714106881364,160.35206050628457
2632.8154656480215,-0.00067978435836909038,-1.33383609940396,160.25106221324418
2644.9801824277201,-0.00068797542493402044,-1.3326013402713632,160.14381721038004
2657.2011053245055,-0.0016152138259937609,-1.3321441444866373,160.0371836846619
2669.4784940343206,-0.00096943094592262741,-1.3316204194474328,159.93029808006941
2681.8126094530157,-0.0025334569398809143,-1.3309923262688135,159.82606354362008
2694.2037136818835,-0.00080192970691562201,-1.3315998654442349,159.72287855357214
2706.6520700332412,-0.0013153032136678619,-1.3301205079581437,159.6104083494796
2719.1579430360175,-0.0022120989344492298,-1.3294418464562692,159.50369573420195
2731.721598441376,-0.0017875128162875898,-1.3289236693892106,159.3931093351911
2744.3433032283656,-0.001664896326271614,-1.3282843339815107,159.2865774412968
2757.0233256095839,-0.0023916785839495787,-1.3277886410473925,159.17196312778267
2769.7619350368909,-0.0015610205813314821,-1.3267055059433932,159.06366352616527
2782.5594022071241,-0.0022011039086890331,-1.3258707046970688,158.95278560473491
2795.4159990678568,-0.0027919461825440268,-1.3256426003785646,158.84065903728214
2808.3319988231724,-0.0020346054153545343,-1.3241131885813651,158.72352825004137
2821.3076759394721,-0.0015637950686694286,-1.3245049513434692,158.61032870632656
2834.3433061513097,-0.0027635564418088594,-1.3238833691215934,158.49649703885342
2847.4391664672467,-0.0024490993118941682,-1.3227679009182767,158.37683867113657
2860.595535175742,-0.0015192117879825251,-1.3220284825227056,158.26173237001822
2873.8126918510661,-0.0035115821981280505,-1.3214335601716811,158.14322433047096
2887.0909173592363,-0.0023972529395636382,-1.3208390458919332,158.02219390714612
2900.4304938639916,-0.0033650435593192661,-1.3204900923870035,157.90188655659301
2913.8317048327872,-0.001981588019646209,-1.3194905388553093,157.78621655842335
2927.294835042816,-0.0017058476635391589,-1.3182585566086016,157.66262068458138
2940.8201705870638,-0.0017539183446164304,-1.3178136694885387,157.54547328631438
2954.4079988803815,-0.0025142317073224272,-1.3179768380021288,157.41903608695813
2968.0586086656026,-0.004012131928473231,-1.3163489267237103,157.30030664001856
2981.7722900196718,-0.0026593176648152584,-1.3155674295234308,157.17581613684283
2995.5493343598132,-0.0024741976870681715,-1.3148274124000854,157.05083025109656
3009.390034449721,-0.0039604968425318784,-1.3141048122289003,156.92005230797511
3023.2946844057778,-0.0026093412040121985,-1.3133636923573526,156.79205756346428
3037.2635797033117,-0.002866946100234431,-1.3127892350709356,156.66595807510373
3051.2970171828692,-0.0032910435152856809,-1.3120285077236602,156.53356312536252
3065.3952950565267,-0.0047674314600883337,-1.3115175330483844,156.41040830409798
3079.5587129142264,-0.0036690729434817075,-1.3097014335762225,156.27579840777571
3093.7875717301381,-0.0032792132840962448,-1.3095193468432083,156.14500217394831
3108.0821738690638,-0.003445422656808284,-1.3084426645427794,156.01253425454851
3122.4428230928561,-0.0035824430666624527,-1.3074478626292612,155.87759706687891
3136.8698245668766,-0.0034482274722613228,-1.3069545029273018,155.74278248137119
3151.3634848664792,-0.0047718518386998107,-1.3059558857427314,155.6094960328565
3165.9241119835224,-0.0041260547201014131,-1.3048138567222103,155.46989456083705
3180.5520153329198,-0.0030912232429648754,-1.3039199138221857,155.33133897798285
3195.2475057592119,-0.0035197537091874367,-1.3022947059177201,155.19693179599162
3210.0108955431715,-0.0046953810990709773,-1.301471068818207,155.05177654596582
3224.8424984084422,-0.0045643023321483159,-1.3012613965690369,154.91390558272622
3239.7426295281971,-0.0035869071962225437,-1.3000307104784938,154.77315378630479
3254.7116055318479,-0.0039190830433460761,-1.2989269014166263,154.63285425708716
3269.7497445117665,-0.0040986956264205347,-1.2983662792302364,154.48056484587843
3284.857366030044,-0.0040785386390711966,-1.2969113266181853,154.34044650559071
3300.0347911252852,-0.0044626837250286659,-1.2959431123205905,154.19234373172716
3315.282342319425,-0.0054010309355630249,-1.2948148397070516,154.04210267942412
3330.6003436245887,-0.0047678286114237441,-1.2941580900558802,153.89414153657637
3345.9891205499734,-0.004257870464846927,-1.2925547261169754,153.74763755465835
3361.4490001087647,-0.0047050293970296343,-1.2920018458859248,153.59755898689167
3376.9803108250917,-0.0048898881933041542,-1.290254468558925,153.44393184373968
3392.5833827409933,-0.0057250092677222988,-1.2901708486339547,153.29104853522293
3408.258547423452,-0.0044948021553886646,-1.2890084606502652,153.13901191557122
3424.0061379714257,-0.0048799764260119075,-1.2880833802305629,152.98263547530019
3439.8264890229243,-0.0054151665356558087,-1.2862900001721542,152.82097053117462
3455.7199367621397,-0.0047622121194627011,-1.2853546975104981,152.66509938855532
3471.6868189265615,-0.0052414414814220137,-1.2845833760349301,152.50411767018466
3487.7274748141776,-0.0059520366891444871,-1.2830267060889542,152.34546234756164
3503.8422452906761,-0.0058889481643058239,-1.2818014074723107,152.17929255442914
3520.0314727966788,-0.0057696749671434485,-1.281137865164732,152.01503736045703
3536.2955013550427,-0.004969624176761933,-1.2796464870996169,151.8568822212483
3552.6346765781409,-0.0059070572298642668,-1.2777045162177216,151.68457057614904
3569.0493456752301,-0.0054837530256965283,-1.2767007542657016,151.52054055244787
3585.5398574598171,-0.0059811531597459833,-1.2750359587297697,151.35488857311395
3602.1065623570698,-0.0053786383284014361,-1.2736147321833611,151.18340041198786
3618.7498124112803,-0.0069433234001676416,-1.2730085747682973,151.0091123640799
3635.4699612933196,-0.0056686827214003904,-1.2715971066267084,150.83543738269853
3652.2673643081753,-0.0063306547116488308,-1.2698502873850415,150.66068857680966
3669.1423784024942,-0.0062398554997254102,-1.2685029952132754,150.48503243092117
3686.0953621721578,-0.0062546712334038534,-1.2677660150411776,150.31023256810712
3703.1266758699271,-0.0060430280838163737,-1.2653996401785808,150.12592351653677
3720.2366814130678,-0.006496384851618589,-1.264831410780225,149.94453076858883
3737.4257423910644,-0.0063686683226288985,-1.2626886371538566,149.76809551318797
3754.694224073337,-0.0076279920032304282,-1.2619202326969554,149.57924979212919
3772.0424934169973,-0.0070774815949500407,-1.2599318687016627,149.39475577841472
3789.4709190746676,-0.0067763687849527231,-1.2581852836494205,149.20226576324308
3806.9798714022859,-0.0064255233660944159,-1.2570235705877641,149.01740537936425
3824.5697224669993,-0.0071316801936920611,-1.2556730506201428,148.82550192792752
3842.240846055061,-0.0075436684201694,-1.2538754187415055,148.62986541728742
3859.9936176797673,-0.0077670999698603322,-1.2532714357030814,148.4414938800484
3877.8284145894572,-0.0070982835787133857,-1.2508835875806583,148.24568588028819
3895.7456157755032,-0.0073238405060791437,-1.2485750760466705,148.04723454267068
3913.745601980384,-0.0081063388188665,-1.2473615915316858,147.84753616955086
3931.8287557057697,-0.0072364976533000501,-1.2460998438907243,147.64856226402054
3949.9954612206429,-0.0073524526585518135,-1.2440206863773571,147.43768859794238
3968.2461045694818,-0.0078298524317926988,-1.2427953185167926,147.24048957994398
3986.5810735804407,-0.0081597475112470137,-1.24009575676553,147.02845487167258
4005.0007578736113,-0.0089551186107477542,-1.2389094484081977,146.82132548539002
4023.5055488692933,-0.0079856770978579943,-1.2367322151030651,146.60832429535651
4042.0958397963059,-0.0079655495013378694,-1.2350455050176736,146.39815842892716
4060.7720257003652,-0.0096092516691539866,-1.232599611775534,146.18120145963616
4079.5345034524512,-0.0091694870368815434,-1.2305238643174301,145.96312508782859
4098.3836717572613,-0.0094874058186412875,-1.229336080598028,145.74844440481633
4117.3199311616791,-0.0089058956778546913,-1.2277896216522692,145.51967624479948
4136.343684063273,-0.0092708106360588401,-1.2253024660180736,145.29536507288981
4155.4553347188748,-0.010401613754487535,-1.2229255268376413,145.07140182113525
4174.6552892531372,-0.0088764442354516884,-1.2210305612248604,144.840699003552
4193.9439556671859,-0.0085273713792572547,-1.2194479470037936,144.61343207727526
4213.3217438472893,-0.0083883437383427337,-1.2174320797709337,144.38003420407435
4232.7890655735491,-0.010037627150936992,-1.2143163905151109,144.14650139647392
4252.3463345286818,-0.0095105418006058533,-1.2123815764711223,143.91035402610353
4271.9939663067789,-0.010049492959527905,-1.2099438345199962,143.66918965431384
4291.732378422158,-0.0087330541671343572,-1.2079788505901294,143.42498272362067
4311.5619903182287,-0.009424257305222181,-1.2057152456476941,143.18327222478459
4331.4832233763982,-0.010391237594510345,-1.2030499837683437,142.93400474145193
4351.49650092505,-0.0096264895386095183,-1.2006202881392813,142.68942572231774
4371.6022482485041,-0.009461107792206512,-1.1979548734419723,142.43541192315644
4391.8008925960858,-0.0097800062729627157,-1.1953294386264577,142.17528126849186
4412.0928631911902,-0.010289890006825526,-1.1928568350090321,141.92044383887918
4432.4785912403959,-0.012684284349113216,-1.1911653287883115,141.66012247901548
4452.9585099426549,-0.010375195804666483,-1.1880441665989496,141.39229767879101
4473.5330544984654,-0.011039906949611704,-1.1857488192121781,141.12319071835671
4494.2026621191417,-0.010155671204435644,-1.1826251226194937,140.85403919132222
4514.9677720361024,-0.01087337032345948,-1.1800998463341217,140.58723406992183
4535.8288255101861,-0.01234637557619905,-1.1776913482154676,140.30998885281724
4556.7862658410641,-0.010880255865996454,-1.1746846854270636,140.02959594134958
4577.8405383766185,-0.011128147334001756,-1.1725605853801759,139.74858407458552
4598.992090522439,-0.010770562741342461,-1.1696481759711055,139.46146025924554
4620.2413717513127,-0.011361313062969263,-1.1655543699818449,139.17469841617034
4641.5888336127773,-0.013060542925957661,-1.1631746113034205,138.88506290387235
4663.034929742731,-0.010819116186631481,-1.1609903555239411,138.59076320657192
4684.5801158730483,-0.011006039565300873,-1.1572983117314479,138.28775649836484
4706.224849841281,-0.010754187089840377,-1.1541192103514413,137.98938030722312
4727.9695916003911,-0.012072739097525303,-1.1507240394590292,137.68497635961188
4749.8148032284998,-0.013039494427880358,-1.148137015058009,137.37469438853759
4771.760948938746,-0.01216359548661098,-1.1447237276387603,137.06053497313982
4793.8084950891098,-0.011426660913749716,-1.141324979211479,136.74686746821325
4815.9579101923509,-0.011404896702514001,-1.1383426617540082,136.42495816266873
4838.2096649259565,-0.011941526789603764,-1.1342369881123653,136.09764286984253
4860.5642321421337,-0.014171034681095544,-1.1304480124342227,135.77089671542467
4883.0220868778797,-0.012283069751379506,-1.1276716745184117,135.4383572915072
4905.5837063650479,-0.012685535347623397,-1.1232373584036146,135.10012009346065
4928.2495700405134,-0.012372840991812871,-1.1193453848649086,134.7556335097716
4951.0201595563512,-0.012125466299951319,-1.1159199754213747,134.41080281328789
4973.8959587900627,-0.01302767198428877,-1.1113737930740588,134.06413837083403
4996.8774538548842,-0.016179732541484498,-1.1074042713615164,133.70673865193248
5019.9651331100822,-0.012603934733067142,-1.1043981805109169,133.34955931158436
5043.1594871713587,-0.013048891785236057,-1.0996598722337863,132.9818790797658
5066.4610089212683,-0.01264946821274153,-1.0953367320974969,132.61556890089776
5089.8701935196796,-0.012967067273304461,-1.091807011502806,132.23533996698859
5113.3875384143257,-0.013815530588371502,-1.0872259743319432,131.85737582421731
5137.0135433513406,-0.018350985498825027,-1.0824177567901501,131.47377881500066
5160.7487103859075,-0.012925463826698709,-1.0787725712389356,131.0848964179109
5184.5935438929127,-0.013807135126273256,-1.0737085845218683,130.69053664030753
5208.5485505776605,-0.013333596605594822,-1.0692639947924685,130.29262492435765
5232.614239486662,-0.013599161120299541,-1.0649811672293457,129.88512787302375
5256.7911220184224,-0.016608915655759927,-1.0597453323510937,129.47466239995259
5281.0797119343315,-0.01359256661775296,-1.0550362515764915,129.05354174572111
5305.480525369574,-0.014147863763742488,-1.0495700531018377,128.63199849811031
5329.9940808440906,-0.013389326945226402,-1.0445194017372228,128.19982509636989
5354.6208992736083,-0.014231366926250424,-1.039042027094093,127.76541951951367
5379.3615039807,-0.014207873107426515,-1.0337441629368569,127.31746694464233
5404.216420705915,-0.017644465612534688,-1.0290078322620742,126.86967208651363
5429.1861776189426,-0.015130417134454219,-1.0224901170234884,126.40868566503309
5454.2713053298339,-0.014881632185692118,-1.0167535346552117,125.94970377929783
5479.4723369002877,-0.014550771538484483,-1.0115723804951833,125.47388253726047
5504.7898078549706,-0.014425572074402945,-1.0062376525167973,124.99269388726587
5530.2242561929006,-0.015172275348998336,-0.99874468814129547,124.50526747348013
5555.7762223988775,-0.01924532736641385,-0.99311565284241687,124.01973203899593
5581.4462494549643,-0.015201354770868345,-0.98726892255738474,123.51964200989818
5607.2348828520326,-0.015015115413015005,-0.98091056950652222,123.00740356374236
5633.1426706013553,-0.014789210570065353,-0.97453014485837897,122.48706388474554
5659.1701632462427,-0.01431295501631142,-0.9678231677066913,121.96015742981751
5685.3179138737532,-0.014974501971925255,-0.96116556839441636,121.41969082341706
5711.5864781264318,-0.019054351220916716,-0.95359164459551082,120.87565224222558
5737.9764142141339,-0.024466810695331857,-0.94644370564661306,120.31994885167923
5764.4882829258759,-0.015956720917219246,-0.93961286661343235,119.75397143258205
5791.1226476417578,-0.01540179612788908,-0.93215216564734171,119.17984653683538
5817.8800743449356,-0.015076038546369764,-0.92435994634111052,118.59341353382271
5844.7611316336342,-0.016344138808342741,-0.9154760200480323,118.00054105334917
5871.7663907332553,-0.017339235548040861,-0.90849326315704848,117.39850182784963
5898.8964255084966,-0.023330028342590133,-0.90022950869855034,116.7745273190165
5926.1518124755521,-0.015716191673379884,-0.89300495348960784,116.15067765354223
5953.5331308143705,-0.015490863944318638,-0.88379642881621434,115.51029482556638
5981.040962380941,-0.015591545213181702,-0.8752307473133607,114.85470262534972
6008.6758917196867,-0.015238730655033807,-0.86600206175799777,114.19586335568533
6036.4385060758668,-0.017364876728674688,-0.85651707185804993,113.5151604879113
6064.3293954080618,-0.020328406728498227,-0.84825700437958451,112.8197528494498
6092.3491524007122,-0.028485020803294722,-0.8384768590984325,112.1118800897099
6120.4983724766998,-0.017243357940388705,-0.82812507641141853,111.39543005717324
6148.7776538100234,-0.016425143185667169,-0.81868360082176062,110.66168490295283
6177.1875973384949,-0.016038796039514677,-0.80727825978072199,109.90757485135146
6205.7288067765003,-0.017773899671748829,-0.79835170713850279,109.14489757931565
6234.4018886278645,-0.018361434612158639,-0.78664854041723098,108.36137706168195
6263.2074521986897,-0.02319260669437068,-0.77733957531668607,107.55434718024603
6292.146109610344,-0.033092993973061174,-0.76547305440945101,106.74364182243619
6321.2184758124558,-0.017149374130393,-0.75380112106984132,105.91144407891323
6350.4251685959616,-0.017030516387645078,-0.74197101985397429,105.05130312682505
6379.7668086062822,-0.016957246865669968,-0.72901584035345646,104.18846560057597
6409.2440193564544,-0.01712626118803191,-0.71785553106179179,103.28416473261336
6438.8574272404185,-0.019216698906803206,-0.70526954158066602,102.37834801303956
6468.6076615463271,-0.024696578118760748,-0.692644548515011,101.43781477420268
6498.4953544698883,-0.032693687175490267,-0.67965426698101294,100.47673175995065
6528.5211411278478,-0.017268859429967046,-0.66602100973807365,99.495504861025182
6558.6856595714326,-0.017637659240188584,-0.65250740247868055,98.48966700618584
6588.989550799949,-0.017503518759848732,-0.63869656394588314,97.449894695027496
6619.4334587743942,-0.017780103180228043,-0.62398916907633462,96.391975322459814
6650.0180304311179,-0.019880864218521418,-0.60934221870948235,95.304225130238024
6680.7439156956152,-0.024709283199228819,-0.59364205198247055,94.189223890290378
6711.6117674962843,-0.032973839841546088,-0.57897429943207657,93.042352358834577
6742.6222417783429,-0.017579797590812685,-0.56354702875867868,91.866526275567992
6773.7759975177514,-0.01815002476669934,-0.54695912703257055,90.657518377134735
6805.0736967352059,-0.017197394556677816,-0.53009254598125533,89.403605832409028
6836.5160045102384,-0.017576146013937807,-0.51509638455768658,88.122844557866102
6868.1035889953046,-0.019012529992692335,-0.49755866439355168,86.807143674440169
6899.8371214300178,-0.023139666627137692,-0.48053908112022903,85.446058409299127
6931.7172761554084,-0.030282355263381876,-0.46233571758227265,84.044496478527336
6963.7447306282229,-0.028595096162519651,-0.44296336109827905,82.594894234422625
6995.9201654353747,-0.019459510917356614,-0.4260738778537857,81.106678326431066
7028.2442643083486,-0.0179640069409439,-0.40861289842193327,79.561196224369255
7060.7177141377724,-0.018611900204275465,-0.38854125217056357,77.972635077599392
7093.3412049879962,-0.018973782215804317,-0.36957227893454042,76.322527278718667
7126.1154301117458,-0.020863417193454411,-0.35044148029988498,74.628487026885864
7159.0410859648891,-0.02545681939318881,-0.33143266564672869,72.871304230859806
7192.11887222119,-0.034798148673126569,-0.31150342737250875,71.044362180605916
7225.349491787214,-0.025722627859910176,-0.2934053667834805,69.148993061429621
7258.733650817253,-0.018874375625496913,-0.27469345828576153,67.188133632480287
7292.272058728312,-0.018892283589641172,-0.25484350886580653,65.146126634349287
7325.9654282152296,-0.018697029207752236,-0.23850052150502646,63.030969998285684
7359.8144752657672,-0.019542453266896288,-0.21866207343194041,60.812419060166391
7393.8199191758658,-0.021886715872015513,-0.20222241932663004,58.515354578503619
7427.9824825649184,-0.027289922179678513,-0.18586298822223815,56.126041550661668
7462.3028913911076,-0.035818859935086052,-0.17006393494400546,53.625113767499201
7496.7818749668759,-0.025634743333853363,-0.15723843891941874,51.017508201112157
7531.4201659743712,-0.020879964042843122,-0.14631620533644193,48.282394024123036
7566.2185004810544,-0.019967366468772479,-0.13838962506692778,45.421863011742033
7601.1776179553308,-0.020400511285811832,-0.13274508519572362,42.420397160199073
7636.2982612822416,-0.020173347917086915,-0.1314636967017728,39.278348684610933
7671.581176779302,-0.021507332418953164,-0.13439822997693496,35.985782655377221
7707.0271142122992,-0.026693099082959956,-0.14252429822458956,32.52266500606396
7742.6368268112692,-0.034935939137115041,-0.15900977472988162,28.863375218092024
7778.4110712864895,-0.028372072727905973,-0.18368840713060464,25.031269039329992
7814.3506078445416,-0.020335605962130878,-0.21982810273092349,20.979297901424729
7850.4562002045086,-0.020487965481784717,-0.26568279092657232,16.68997276796205
7886.7286156141527,-0.020338110479001841,-0.32908162720666317,12.180784811675352
7923.1686248662527,-0.020631324507111599,-0.41057515222697527,7.425227254448874
7959.7770023149851,-0.021750895572740493,-0.51372055760764124,2.4029919706260046
7996.5545258923466,-0.024339995441440745,-0.64034278989207061,-2.8859775100162111
8033.5019771247353,-0.029742278411061265,-0.80073631764837849,-8.4461828388083404
8070.620141149504,-0.032302012203727956,-0.99477907687643474,-14.303567046552246
8107.9098067316863,-0.025974142221657313,-1.2273964056149855,-20.42811381943983
8145.3717662807458,-0.021782843929142631,-1.5091843435408374,-26.811182023100528
8183.0068158673903,-0.021721409694453117,-1.8372482125492586,-33.48049734800793
8220.815755240541,-0.021761228872613121,-2.2261348915804686,-40.372339424461508
8258.7993878442685,-0.021634977975021515,-2.6748168571133064,-47.49141692612956
8296.9585208349072,-0.022325791536656484,-3.1915319780268052,-54.803069405932682
8335.2939650981953,-0.025828867115600122,-3.7775176310949155,-62.245802554948753
8373.8065352664889,-0.032750148022346923,-4.4364578699394785,-69.849695394377193
8412.4970497361192,-0.032444979919142039,-5.1707934977670149,-77.547615297396732
8451.3663306847175,-0.025452044408756678,-5.9891557285762884,-85.339884173695566
8490.4152040887475,-0.022137517762901741,-6.8908038256363557,-93.167146141225842
8529.6444997410254,-0.02182911058367867,-7.8764449711081213,-101.04091825440256
8569.0550512683476,-0.02128204856536025,-8.9531600308453942,-108.88716258855756
8608.6476961492444,-0.021574363038649687,-10.124261653226402,-116.68492995844917
8648.4232757317222,-0.021808537858351854,-11.394642337139121,-124.49033471856154
8688.3826352511842,-0.02452554529095699,-12.757644689670125,-132.24103915225118
8728.52662384838,-0.031344965828438681,-14.232525931133516,-139.82701045294399
8768.8560945874269,-0.035285737951823909,-15.819023256664519,-147.4303457870495
8809.3719044739901,-0.026870146756972479,-17.525692280634825,-154.801367360943
8850.0749144734345,-0.023619211379153314,-19.363676615789483,-162.12481725239689
8890.965989529157,-0.022154855501998232,-21.35320147371867,-169.25657483266644
8932.0459985809684,-0.022582452050137286,-23.479984022517026,-176.34784656945882
8973.3158145835205,-0.022013789949952109,-25.818938097511609,176.72026938654281
9014.7763145249173,-0.023037931621362955,-28.369459918864941,169.80100899642491
9056.4283794452895,-0.023720368194710115,-31.246775782672565,163.09802857143745
9098.2728944555583,-0.027927003808233385,-34.446761961662631,156.45285713432983
9140.310748756232,-0.034740638252027285,-38.32986594436597,149.5129568068192
9182.5428356562825,-0.032063700904494195,-43.040250453589806,139.56215332970942
9224.9700525921744,-0.025754068519319547,-49.952857567943326,124.67173407891401
9267.5933011468787,-0.023431319448857922,-59.87910040131311,56.109817497222153
9310.4134870690741,-0.022816906363539016,-53.781925274898803,-17.962083384313161
9353.4315202923863,-0.02272024938011177,-49.395927506045815,-32.936067230164795
9396.6483149546966,-0.022648222231701529,-47.382974610936479,-38.91574051554835
9440.0647894176036,-0.022445363492743856,-46.110896704261833,-43.130731545826805
9483.6818662859223,-0.024120610021373438,-45.525763745185941,-46.999206051538025
9527.5004724272894,-0.027112748591498703,-45.764783406729904,-48.300857793609723
9571.5215389918667,-0.033787520519236128,-45.628556743411679,-51.55631199054443
9615.7460014321005,-0.033296304007299257,-45.671257813758302,-52.807494136635711
9660.1747995226451,-0.026558152964561658,-45.808622084645158,-54.80134151425105
9704.8088773803011,-0.023413941963036498,-45.93673629123365,-55.921188276422448
9749.6491834840872,-0.023098063289518987,-45.924596600531551,-58.823959713229925
9794.6966706953954,-0.023706492215058862,-46.294808103664423,-58.584175030572112
9839.9522962782321,-0.022594335554547134,-46.525121012026709,-60.21647434776245
9885.417021919573,-0.022862878664011151,-46.796363090258843,-62.431662101730424
9931.0918137497956,-0.023294372963161905,-46.922120946153228,-64.314272548273436
9976.9776423632011,-0.025452820062800436,-47.20510790664612,-64.197613270223968
10023.075482838654,-0.029641750348633325,-47.219690961938227,-67.681503741108287
10069.386314760275,-0.039761147318334952,-47.257990657757233,-67.280008560299493
10115.911122238296,-0.030344845826808967,-47.175252626790481,-69.792979765590914
10162.650893929946,-0.025319824619577606,-47.906079543119652,-70.922204130337221
10209.606623060465,-0.024553785367330216,-48.563830471482341,-75.894869970576764
10256.77930744422,-0.023944512624551346,-48.690403512238873,-76.440308037573075
10304.16994950588,-0.024450577803386164,-49.525490029256716,-81.26448118237596
10351.779556301763,-0.024461344170442944,-50.731055766016695,-88.268536172964048
10399.609139541199,-0.023269239190985783,-51.203743080989682,-89.926996169488774
10447.659715608042,-0.02437425342822469,-53.251766579945794,-99.499159153589176
10495.932305582277,-0.025759339029696481,-55.870150610240557,-103.92646722435802
10544.42793526169,-0.030448021184971009,-61.279455863906961,-124.59614950244244
10593.147635183701,-0.038142653172342729,-67.328995265905874,-142.96439572016038
10642.09244064724,-0.031915902897520818,-62.821902010747088,161.42681807950004
10691.263391734761,-0.026363016730914415,-62.586188087383974,122.03250440858696
10740.661533334334,-0.024315801905769117,-61.141099686479812,119.33535547633932
10790.287915161842,-0.023472415700073208,-65.917547777876848,134.0118201809174
10840.14359178331,-0.023848420623400913,-61.706329706065461,-157.62477574629997
10890.2296226373,-0.024572456532826026,-51.058813473245685,-138.20250221907713
10940.547072057425,-0.023442659823737479,-44.149221209169184,-142.80455880215271
10991.097009294972,-0.024891445708407105,-39.030770740689412,-150.19729151486666
11041.880508541608,-0.024297471894705679,-34.639511122890937,-154.69506373414009
11092.898648952229,-0.026991483812575722,-30.740153734677264,-162.00687623933283
11144.152514667876,-0.032136266839990574,-27.338955375547215,-169.59093097561606
11195.643194838782,-0.039079439748661335,-24.204274294425691,-178.06487699434396
11247.371783647519,-0.030264647201993341,-21.322458451088693,173.3172160511393
11299.339380332223,-0.025797596359977658,-18.651374865149592,163.75642362544261
11351.547089209989,-0.023625177221329903,-16.234623170556137,153.89916511880139
11403.996019700324,-0.023431596211716987,-13.997020930618444,143.41402254671539
11456.687286348715,-0.024123589989788335,-11.9832289779149,132.49568803985022
11509.622008850323,-0.024635568790114717,-10.179337976704399,121.38892679213286
11562.80131207376,-0.024321792076739904,-8.6009223731701638,110.1322550988472
11616.22632608502,-0.023425352633643329,-7.241829921137132,98.821794495467771
11669.898186171469,-0.023399416565224245,-6.0614163048467056,87.788743854210509
11723.818032865991,-0.025687298997102846,-5.066979456993927,77.152517957586866
11777.987011971192,-0.028671225540646359,-4.2351356520434491,66.891027641577395
11832.406274583785,-0.037042571504349336,-3.5393980071012905,57.129437346876401
11887.076977119033,-0.033481492622026911,-2.9546478822460247,47.839488728944843
11942.000281335319,-0.028005836380474956,-2.4829576831433782,39.117575842319681
11997.17735435885,-0.023605272756364992,-2.0784271910971501,30.889312843680969
12052.609368708427,-0.023581440416127374,-1.7522547514518441,23.146529375383651
12108.2975023204,-0.024059611976855029,-1.4819995308521197,15.846105973313058
12164.24293857368,-0.02487926067155,-1.2617826687100517,8.9765449781313862
12220.446866314882,-0.025149482882339969,-1.0759534220640687,2.5161525454672784
12276.910479883598,-0.024047384694060966,-0.92953982133266011,-3.530906388371065
12333.63497913776,-0.02380261702344362,-0.80236604952497137,-9.2905963617184923
12390.621569479163,-0.024812349643085159,-0.70413178796121245,-14.685480399023248
12447.871461879062,-0.026384805173462436,-0.62339319581313624,-19.819375391846364
12505.385872903908,-0.028956854338568483,-0.56133540866219045,-24.651347616889673
12563.166024741207,-0.036125973365859904,-0.51426844188400511,-29.214374805717284
12621.213145225474,-0.034805659315968712,-0.47274909914007229,-33.547544845155606
12679.528467864346,-0.028931464936324588,-0.44412389822259696,-37.67184165968672
12738.113231864783,-0.025321637961654056,-0.42876946658037129,-41.609592606726977
12796.96868215941,-0.02424251172103372,-0.41650936458961646,-45.296686712864116
12856.096069432957,-0.024309571784806625,-0.40706293704095997,-48.860569453468599
12915.496650148838,-0.024628097543428318,-0.40825326673550577,-52.252568454254401
12975.171686575875,-0.025151142145851887,-0.40781292063278762,-55.461442478850955
13035.12244681509,-0.024986506094409073,-0.41467891116127276,-58.573714794894371
13095.350204826669,-0.025019456040300113,-0.42318400576999315,-61.510037770434145
13155.856240457046,-0.024393104856414976,-0.43538918117977432,-64.312739407920134
13216.64183946605,-0.024498147539262848,-0.44853239516789734,-67.010444058173334
13277.708293554297,-0.025656121811640897,-0.46155145832103611,-69.647660377326162
13339.056900390586,-0.02924611445529688,-0.47702289865468367,-72.098245587761085
13400.688963639501,-0.035635160856498656,-0.4953038255530714,-74.509180568275781
13462.605792989105,-0.034705536184322754,-0.51628545849653651,-76.790125719185056
13524.808704178753,-0.027311403004101197,-0.53219130451277663,-78.992123425773201
13587.299019027099,-0.025074720101365102,-0.54957401640171932,-81.113743666370368
13650.078065460139,-0.023860842892242624,-0.57007694269987363,-83.17973452574158
13713.147177539448,-0.024220059653863431,-0.58822849720936377,-85.153419009828383
13776.507695490542,-0.023925851186622396,-0.6091194128433981,-87.046313481959089
13840.160965731317,-0.024778864096558002,-0.62660742426243643,-88.908077421178547
13904.108340900702,-0.0240832361715222,-0.64634623656190082,-90.675312939901957
13968.351179887397,-0.024188347958782878,-0.66588163467498906,-92.390027738257871
14032.890847858725,-0.02478667565591379,-0.68465778744402117,-94.081505456462025
14097.72871628967,-0.023836684565489992,-0.70344033091741065,-95.703017254843871
14162.866162991988,-0.023722721888094336,-0.72255454097713079,-97.267238395570971
14228.304572143526,-0.025028357864378695,-0.74002310466461385,-98.758265684032267
14294.045334317609,-0.028651245096061269,-0.75753681324103006,-100.23336455732262
14360.089846512599,-0.036540192779068725,-0.77429439117312859,-101.65965444350824
14426.43951218158,-0.03434347246897286,-0.79158090512046531,-103.05578722318408
14493.095741262166,-0.02727188304316798,-0.80826557720786574,-104.39856710541287
14560.059950206494,-0.024566180562245958,-0.8241744523672565,-105.73004077237374
14627.333562011299,-0.024075239272920754,-0.84125432393542632,-107.00365227331429
14694.918006248165,-0.023449006908430096,-0.85457885810064405,-108.22891198166138
14762.814719093903,-0.024173682101642731,-0.87157502057508296,-109.44875511367914
14831.025143361043,-0.024803972007435011,-0.88674650656186171,-110.62685297510777
14899.550728528544,-0.024405878681292743,-0.90089553153068413,-111.77147064825357
14968.392930772556,-0.023472672023538178,-0.91490813976508212,-112.88544768087343
15037.553212997376,-0.024805236152138036,-0.92867307087414352,-113.98211893742507
15107.03304486655,-0.025455331328581327,-0.94024723219320561,-115.05337490514995
15176.833902834052,-0.023194498106978125,-0.9550767105638126,-116.09100306932881
15246.957270175737,-0.023287040099228346,-0.96921444205718144,-117.11104163896363
15317.404637020798,-0.024260858711703005,-0.97788488050874045,-118.10790395497423
15388.177500383457,-0.028360150274002602,-0.99266334532278833,-119.06371487464446
15459.277364194777,-0.035505071115607363,-1.0033190559010765,-120.01579608845759
15530.705739334599,-0.034811181186849949,-1.0147007044238168,-120.94883895926537
15602.464143663688,-0.028156583123340961,-1.0251102968316246,-121.85873536962416
15674.554102055949,-0.024757276790153937,-1.0379049274522336,-122.74125904466857
15746.977146430869,-0.02332997259974157,-1.0488429806401665,-123.60745540454337
15819.734815786007,-0.023751631660162822,-1.0587323793294607,-124.47178981219301
15892.82865622978,-0.02403883023047516,-1.0676264666979056,-125.29547879559043
15966.260221014258,-0.023824250575523918,-1.0772672994728985,-126.11103407527946
16040.0310705682,-0.024644052295876403,-1.0874352624270807,-126.92165004542888
16114.142772530198,-0.0239232105776583,-1.095992574102169,-127.71260635572858
16188.596901781984,-0.023785414184672549,-1.1052690520741508,-128.464624378233
16263.395040481922,-0.025137157851180765,-1.1132045114325448,-129.22977276131178
16338.538778098613,-0.024380131379766176,-1.1239072435195214,-129.99437384079337
16414.029711444662,-0.022718247407304701,-1.1306854913480064,-130.71370274638474
16489.86944471065,-0.023222382801939244,-1.1384380349400429,-131.41443946200371
16566.059589499142,-0.024289687414671531,-1.1466027411353643,-132.12944159267462
16642.601764859035,-0.026982819583550536,-1.1530687033096303,-132.81366925729935
16719.497597319893,-0.031780250581008286,-1.1597955336845669,-133.499012690961
16796.748720926531,-0.037853700154055835,-1.1694524947480955,-134.17156533013889
16874.356777273759,-0.029277892699073466,-1.1751029373995923,-134.81428209796155
16952.323415541203,-0.024969445707901529,-1.1836353882386577,-135.45584681525531
17030.650292528444,-0.024050611322962174,-1.1889801943863849,-136.1120441830123
17109.339072690145,-0.022652852076376739,-1.1959903467787623,-136.72643418802409
17188.391428171457,-0.022840123041740622,-1.2029049821019961,-137.33742987776083
17267.809038843559,-0.023859771329136466,-1.2077968540369901,-137.95026479199026
17347.593592339315,-0.023227675804545232,-1.2141722043788763,-138.56934055902462
17427.746784089191,-0.023113635084405591,-1.2205660932391991,-139.12608796151969
17508.270317357241,-0.022867399784406293,-1.2274224638189184,-139.71158969530825
17589.165903277328,-0.023700309765097134,-1.2304361853386534,-140.29111183604931
17670.435260889466,-0.026736950444426082,-1.2366804611139848,-140.84742192781829
17752.080117176349,-0.032306113828520694,-1.2430623160792051,-141.4037555644349
17834.102207100081,-0.023529837221050214,-1.2460623551391952,-141.94194707057466
17916.503273639002,-0.022069096456698488,-1.2532874992150846,-142.48051184681924
17999.285067824763,-0.023698370101677482,-1.2559387523796595,-142.99977017005924
18082.449348779515,-0.023078072538529941,-1.2612531709500241,-143.5408716925549
18165.997883753276,-0.026437291657477782,-1.2662661235506092,-144.03017652764962
18249.932448161522,-0.032548112820211583,-1.2702993356373427,-144.5694823552455
18334.254825622898,-0.035846872742471149,-1.2729007490255264,-145.06259831481236
18418.966807997109,-0.028378988481725511,-1.2793724433236722,-145.57830628514543
18504.070195423021,-0.02436998660387002,-1.2852239329905124,-146.04041418574226
18589.566796356874,-0.023124327825892393,-1.2867474778303765,-146.52197122469124
18675.45842761076,-0.022646565642402694,-1.2936580704401823,-147.02941168754865
18761.746914391206,-0.02349971371742695,-1.2970372239694687,-147.48369280882255
18848.434090337953,-0.022743363840809064,-1.2972710595064971,-147.96159956737819
18935.521797562953,-0.023421726832975803,-1.3016107321803529,-148.4496476058562
19023.011886689448,-0.022065107826107523,-1.3028011732317579,-148.86937323809241
19110.906216891381,-0.02127995584370683,-1.3111496377117173,-149.30857495364225
19199.206655932838,-0.02304230055836308,-1.3097209574249005,-149.77369727294845
19287.915080207775,-0.025776714973655267,-1.315250013942616,-150.21450232767387
19377.03337477989,-0.032195185388190731,-1.3212611225576136,-150.64701767779533
19466.563433422623,-0.033543018568199641,-1.3245740942192217,-151.08167930784981
19556.507158659493,-0.021628786231666225,-1.3269398928278966,-151.52260591095541
19646.866461804453,-0.022694008733399537,-1.3309994968835202,-151.94496670097385
19737.643263002556,-0.022363356210661663,-1.329936712755343,-152.34561914954267
19828.839491270715,-0.021651855155030722,-1.334181237598898,-152.75517974497512
19920.457084538702,-0.023522660620487114,-1.3350846382019521,-153.17908609599823
20012.497989690371,-0.027220036214022164,-1.3378514971679742,-153.55276069634223
20104.964162604978,-0.03257353824431837,-1.3459497419492812,-153.94541424392179
20197.857568198786,-0.031598879932948125,-1.3441214765158314,-154.36183901400852
20291.180180466781,-0.02554020177769379,-1.3430339225944079,-154.75259380545577
20384.933982524632,-0.022060203299052256,-1.3543496326575446,-155.12331832786197
20479.120966650855,-0.021731900584804065,-1.3561209872921376,-155.53397083850379
20573.743134329125,-0.021813348254914339,-1.3540184023049586,-155.89677731723802
20668.802496290831,-0.021362602615583239,-1.3589699269177222,-156.27809650683486
20764.301072557748,-0.02185710816572,-1.3571974835982314,-156.66198357235788
20860.240892485039,-0.02201503002180907,-1.3606661548291306,-157.00523747409721
20956.623994804329,-0.020325790432805833,-1.3666199866667375,-157.37641143214211
21053.452427667049,-0.021847576748584736,-1.3704867480011631,-157.75650226828441
21150.728248687959,-0.022418859466325439,-1.3678630310373894,-158.11253020840564
21248.453524988829,-0.026617188288889201,-1.3672427630008153,-158.4522579703075
21346.630333242443,-0.035679798908648669,-1.3720570151401124,-158.82851234122691
21445.260759716675,-0.028715727995955453,-1.370068606272854,-159.2007614051474
21544.346900318833,-0.023474610675838566,-1.3772681402968199,-159.54115627635895
21643.890860640215,-0.021383607155320297,-1.3711472330062069,-159.88097941246809
21743.894756000802,-0.021242682388630349,-1.3795567430139621,-160.21847730277176
21844.360711494275,-0.020991667696357637,-1.3761536748876795,-160.56158022953412
21945.290862033136,-0.020654929022149271,-1.375802299170767,-160.87227423840986
22046.687352394089,-0.021890172745910787,-1.3770969543995861,-161.21961261619862
22148.552337263605,-0.022794124117225853,-1.3851956364104039,-161.52718056738962
22250.887981283693,-0.025983654780427454,-1.3810725957035743,-161.88211247112065
22353.696459097955,-0.034203047256761897,-1.38374272276039,-162.18764651833146
22456.979955397739,-0.028551703113650469,-1.3914796157560914,-162.52585711970522
22560.740664968605,-0.022721640551864757,-1.3882666469919782,-162.84385997493933
22664.98079273694,-0.02027876148666765,-1.3883433040113837,-163.17499675816583
22769.702553816802,-0.019955835310038424,-1.39414937535532,-163.49875770688465
22874.908173557029,-0.019850686020127097,-1.3914855230837675,-163.82768155136625
22980.599887588509,-0.020699182018323738,-1.3971505794812127,-164.11338566688198
23086.779941871686,-0.020314299116905018,-1.3981838758956786,-164.43416765443885
23193.450592744284,-0.020298669412255596,-1.3976031230786434,-164.73619984370782
23300.614106969246,-0.019096171381223697,-1.39631730705572,-165.05650341327262
23408.27276178293,-0.019219366453317156,-1.396495312433206,-165.37091836730207
23516.428844943486,-0.021567928098627197,-1.4032738433861556,-165.66507600297385
23625.084654779464,-0.025328868462085714,-1.3978274311844896,-165.95779642954918
23734.242500238674,-0.036070515347883553,-1.4009000694828624,-166.24814314382405
23843.904700937204,-0.025531539999477434,-1.4046296329010559,-166.55825836708595
23954.073587208783,-0.020719638832666774,-1.4021030629440123,-166.85330702383988
24064.751500154242,-0.018820505171917398,-1.4044854752014877,-167.15841679543007
24175.940791691297,-0.019556699024198092,-1.4024745843243536,-167.45612721093767
24287.643824604518,-0.019688366249629795,-1.4042617903928032,-167.72029691108898
24399.8629725955,-0.019421231919350582,-1.4055330453195318,-168.00650011854168
24512.600620333385,-0.019428146845535902,-1.4044374787971554,-168.33212210369231
24625.859163505469,-0.01860576983209155,-1.4054843546968154,-168.58800488629052
24739.64100886813,-0.018434055349511154,-1.4110425978995127,-168.88518869336428
24853.948574298,-0.018934747301401121,-1.4111037844550789,-169.17283690353227
24968.784288843268,-0.020948595794076808,-1.4096453086400516,-169.44730742757613
25084.150592775401,-0.02782829940723229,-1.411517771766355,-169.74394515612644
25200.049937640924,-0.033380001094516512,-1.4092385072673577,-170.00651101549184
25316.484786313544,-0.024257147725433352,-1.4110627859427007,-170.28718430334646
25433.457613046496,-0.020439272429935342,-1.4121905224764002,-170.54735538293443
25550.970903525071,-0.018564536984094743,-1.4127052749022961,-170.84083729486056
25669.027154919506,-0.018641941811043027,-1.4109899048261352,-171.09942078226894
25787.628875938008,-0.018399083456844684,-1.4134632523420019,-171.37443091122384
25906.778586880075,-0.017848046967958664,-1.4119354350790871,-171.64036889392011
26026.478819690059,-0.018594022370252143,-1.411311419414659,-171.91441280821226
26146.732118010925,-0.01810387473527314,-1.4141678232700343,-172.20608171435856
26267.541037238367,-0.018405522487965186,-1.4133977594829363,-172.43904188030973
26388.908144575104,-0.019292558359872907,-1.4122302219108873,-172.72012875111307
26510.836019085378,-0.02174884917338623,-1.4122038802427663,-172.9815310966932
26633.327251749823,-0.027599381530030172,-1.4153992826477859,-173.26201309182511
26756.384445520453,-0.029411291614494382,-1.4160642271723729,-173.52280756748934
26880.01021537606,-0.022143630065327404,-1.4143350990281853,-173.76899714901992
27004.207188377728,-0.018025523576432226,-1.4145860697386832,-174.04426739387119
27128.978003724656,-0.01674886557391967,-1.4142090163085228,-174.30182865735071
27254.325312810292,-0.016575825232046943,-1.4141767680053732,-174.54609045147708
27380.251779278577,-0.0175310970584674,-1.4161196879166502,-174.81520476581682
27506.760079080661,-0.017085480784479721,-1.4137084589180646,-175.06033433689828
27633.852900531696,-0.017463963675253928,-1.414072960456124,-175.32472243846973
27761.532944368013,-0.016802896598726021,-1.4164362787724392,-175.57107485665551
27889.802923804407,-0.016940755801421289,-1.4155122099349682,-175.83989964397531
28018.665564591956,-0.016302910926116354,-1.4173990130814005,-176.08380438020177
28148.123605075798,-0.016706314778275787,-1.4159515750216327,-176.34026871776709
28278.179796253411,-0.017224946010111424,-1.4142844729616897,-176.58974979802497
28408.836901833041,-0.016624531786243263,-1.4163208917949577,-176.84836128780714
28540.097698292389,-0.019661906212105888,-1.4144820382948957,-177.09641048692205
28671.964974937699,-0.02439974030029389,-1.4167817053902854,-177.32668785118452
28804.441533962967,-0.030331659459944437,-1.4135211088743616,-177.59767079221797
28937.530190509504,-0.022105294566357254,-1.4143409596530774,-177.83485829269483
29071.233772725784,-0.017221681849762416,-1.414481566271262,-178.08532462547007
29205.555121827463,-0.015925650227931295,-1.4136149475214554,-178.33409392507332
29340.497092157868,-0.01480907459928422,-1.414935874883527,-178.57951615780939
29476.062551248571,-0.017153766995846444,-1.4136034551405527,-178.82491952358421
29612.254379880342,-0.016158512475278632,-1.41261721220536,-179.06914945877961
29749.075472144403,-0.016900907715559532,-1.4128523069695653,-179.30935897741773
29886.528735503842,-0.015828657842381629,-1.4116867145705729,-179.55294485473402
30024.617090855492,-0.015358513026501425,-1.4126554509064835,-179.79530396009625
30163.343472591958,-0.016247725948330436,-1.4122730929527241,179.96219408932257
30302.710828663963,-0.020226538270628709,-1.4102193014509814,179.71948606691882
30442.722120643029,-0.024862386771674714,-1.4111636281364155,179.47668631420734
30583.380323784331,-0.025842447028499058,-1.4132445942294767,179.2355069416098
30724.688427090037,-0.019801650194087625,-1.4113887524383875,179.00236904966843
30866.649433372728,-0.016250102347866439,-1.4103776081804729,178.75261540108187
31009.266359319266,-0.014926425880572136,-1.408268328081931,178.51481230658013
31152.54223555488,-0.015095864101998162,-1.4081932102539694,178.28185083705665
31296.48010670752,-0.014218508335832533,-1.4101089597719012,178.0488852921261
31441.083031472648,-0.013854061452366759,-1.4084417514479957,177.79707919589922
31586.354082678175,-0.01503207664366063,-1.4076426727020632,177.56922228320263
31732.296347349766,-0.014583480569328133,-1.4074175702013578,177.32731464108574
31878.912926776458,-0.014376209438447059,-1.4059872171707133,177.10188714427505
32026.206936576516,-0.017079643893016083,-1.4061666642382165,176.8583184686405
32174.181506763714,-0.02308287775874783,-1.4061102212372603,176.62337221486337
32322.839781813789,-0.025193324793560786,-1.4039819936514206,176.38430143968679
32472.184920731288,-0.017498879039571466,-1.4033485460241992,176.14474051544443
32622.2200971167,-0.014600836953258882,-1.4047367339450236,175.92060050120529
32772.94849923384,-0.013615404904438574,-1.4031407317192439,175.68026872165541
32924.373330077688,-0.013304288490132451,-1.4025959361444016,175.44736067055246
33076.497807442407,-0.013154648601878646,-1.4032240390689263,175.21996397039783
33229.325163989713,-0.013493298576431726,-1.3998883046866646,174.98150686728755
33382.858647317611,-0.016777863608515107,-1.4015886292819058,174.76508439471712
33537.101520029304,-0.026605581704727769,-1.3999227844983557,174.50897413706235
33692.057059802668,-0.020804331452105172,-1.4009596902940147,174.30201726182833
33847.728559459814,-0.015555581540639322,-1.3976616632515249,174.05414331924058
34004.119327037064,-0.012820827924610747,-1.3966817535906741,173.8304759688244
34161.232685855284,-0.012015984834987177,-1.3936310179488889,173.5941704289105
34319.071974590443,-0.011786345331691001,-1.3947947923621049,173.36796678277494
34477.640547344643,-0.011450174057646404,-1.394873468683937,173.12073174284629
34636.941773717328,-0.013070165194965601,-1.3923970158492427,172.90420411760607
34796.979038876911,-0.011760369074152725,-1.3933210882491134,172.6646699979776
34957.755743632748,-0.012492844247857925,-1.3912463680445111,172.42867430506112
35119.275304507297,-0.011712702873698629,-1.389350011148331,172.20388260675421
35281.54115380883,-0.011475078713819944,-1.3892654983919119,171.98369262512659
35444.556739704334,-0.018310141999292796,-1.3883639057602659,171.73874851054899
35608.325526292778,-0.026554898408514497,-1.3883342304372335,171.49306698336312
35772.850993678738,-0.016603720223776965,-1.3862890428920791,171.28851920924234
35938.136638046279,-0.012509002939604292,-1.3870324028047847,171.04417952264518
36104.185971733372,-0.010017353588026251,-1.3852252237402121,170.83150438921729
36271.002523306459,-0.010681516211355492,-1.3800823063319481,170.59193054896929
36438.589837635445,-0.0095909764642423886,-1.3844629574622911,170.35795703791169
36606.951475969021,-0.011042016152393086,-1.3797205058298019,170.13062323278697
36776.091016010323,-0.0098454293694873688,-1.3812296858828952,169.90540454709148
36946.012051993028,-0.008164979768347045,-1.3798904313667246,169.67606472475671
37116.718194757646,-0.0092537884128505929,-1.3774437198338663,169.44208659210744
37288.213071828359,-0.011226746781100298,-1.3771866197285738,169.22259382533758
37460.500327489928,-0.015644935048210275,-1.3753583543256764,168.97337740395326
37633.58362286535,-0.025194498258163091,-1.3740045920925197,168.75078633860048
37807.466635993493,-0.014854498108867426,-1.3743334033111778,168.51807453039169
37982.153061907346,-0.0099721895836874155,-1.3711565295623624,168.30856746620458
38157.646612712502,-0.0091999418736870148,-1.3695631013523082,168.08169711592538
38333.951017666011,-0.0091068667339277085,-1.367023842050973,167.84650510500211
38511.070023255706,-0.0098825990866147038,-1.3689497365854999,167.61301501538679
38689.007393279753,-0.010486324605559186,-1.3680364513328314,167.38537002678964
38867.766908926656,-0.0081080789852306066,-1.3675167476828689,167.16538777215709
39047.352368855623,-0.0072872579454433825,-1.3648581875012846,166.91465999164731
39227.767589277195,-0.0084409468245700559,-1.3629383686576593,166.65333390352959
39409.016404034497,-0.0089823537072957829,-1.3625857716696719,166.47883938215213
39591.102664684586,-0.0076287853005946385,-1.3582614900239331,166.2413457466109
39774.030240580352,-0.0081536485982119603,-1.3603565017931951,166.01376752039062
39957.803018952713,-0.010684059900495266,-1.3567614556781258,165.76635263991815
40142.424904993219,-0.014917539186710602,-1.3597373523968168,165.53343155444367
40327.899821937077,-0.020951352833623968,-1.3520973724638063,165.316033692681
40514.231711146473,-0.013248422313471394,-1.3531532200385199,165.08072760416934
40701.424532194367,-0.0078441592537583666,-1.3486731797171321,164.83756084573048
40889.482262948623,-0.0077595414425672858,-1.3455743526482875,164.60942704624983
41078.408899656468,-0.0060579859177495353,-1.353512634599934,164.37219287782278
41268.208457029534,-0.0057584194555273249,-1.3444829097332687,164.15229489326759
41458.884968329112,-0.0062509123292901255,-1.3464719048414131,163.91832418764466
41650.442485451829,-0.0071960793139664806,-1.3394891812583527,163.71672841186347
41842.885079015825,-0.007032187665971891,-1.3402128688236941,163.4358704926866
42036.216838447137,-0.0060769682234874693,-1.3432401794921176,163.22621167005457
42230.441872066745,-0.0072770529674446539,-1.3347294643509358,162.9966269559545
42425.564307177774,-0.0096402347932447105,-1.338024642969857,162.75895749057088
42621.588290153231,-0.015761404033569803,-1.3339461007190652,162.53569121699303
42818.517986524137,-0.015758937876200627,-1.3369628960949025,162.30699097654599
43016.357581067947,-0.0084403662689663313,-1.3305310418572589,162.07390278351218
43215.111277897646,-0.0064645606327248285,-1.3269978089066792,161.84020899356727
43414.783300550924,-0.0044004586291569187,-1.3269643028181246,161.6194464295537
43615.37789208004,-0.0044552693577628042,-1.3229554660160843,161.37481832100852
43816.89931514192,-0.0061483025737570553,-1.3215544827962256,161.11997456486989
44019.351852088745,-0.0054439564112268423,-1.3218378017993495,160.87124535924195
44222.739805058991,-0.0031393639647786307,-1.3144152885115126,160.65077704171625
44427.067496068827,-0.0035883644498353609,-1.3149117873285348,160.45792936529182
44632.339267103947,-0.0028575038201704341,-1.3170484853557323,160.18586060534543
44838.559480211887,-0.0052624497957617072,-1.3154281363648974,159.91122574070667
45045.732517594581,-0.013645696402433282,-1.3118608993032117,159.72010129228835
45253.86278170169,-0.015107782333254167,-1.3089998836630912,159.45594968897629
45462.954695323991,-0.006370389284467412,-1.3088933592292848,159.25930363323874
45673.012701687447,-0.0022512959384277495,-1.3041268478767107,159.01262786294404
45884.041264547595,-0.0033135012938564799,-1.3000255691199114,158.75680142739768
46096.044868284334,-0.0025943562938081192,-1.3022459556353227,158.53403865981255
46309.028017997392,-0.0019466680170795629,-1.2984279595894721,158.29338065801053
46522.995239601893,-0.0017670097140661438,-1.2959398662616641,158.01892724943056
46737.951079924613,-0.0018806275509161809,-1.2920447837950635,157.83689659477332
46953.900106800604,-0.0020179876683809085,-1.2894194107836052,157.57604521906597
47170.84690917017,-0.0021336068630469257,-1.2941689330039026,157.34368316392832
47388.796097176535,-0.0063454722963858616,-1.2832228630101912,157.10917662072873
47607.752302263681,-0.01655033897700792,-1.2838093974200708,156.84192493977287
47827.72017727483,-0.007162346293638976,-1.284374548932127,156.61100737787768
48048.704396551315,-0.0020504795969548393,-1.2797216752687062,156.35851815323718
48270.709656031831,-0.00033206647050415257,-1.2761710489252944,156.13005059278885
48493.740673352353,-0.00097186864542422597,-1.2764735948117205,155.89375161959228
48717.802187946305,-0.00082691575158164133,-1.2733093466320213,155.63033550575307
48942.898961145314,0.00010705527973136925,-1.2700314463409732,155.42829290961029
49169.035776280289,-0.00017301059583261531,-1.2685912243459729,155.15393783418818
49396.217438783206,0.0011208507165819926,-1.2661781325758357,154.91284456041157
49624.448776289159,0.00046141835654463025,-1.2604266723193589,154.66183829788952
49853.734638738941,-0.00071288773418659969,-1.2644945905841602,154.41541971789741
50084.079898482123,-0.004572617075683902,-1.2563574281942667,154.17725569204003
50315.489450380548,-0.012517849585484235,-1.2519604812507534,153.94238392021987
50547.968211912412,-0.0065649907038181337,-1.251302675299494,153.67602368725446
50781.521123276732,-0.0011560809684847959,-1.2488170970685715,153.44490064796059
51016.153147498335,0.0026147713802584837,-1.2477461954594231,153.19421133308478
51251.869270533323,0.0026492359478340285,-1.2443642464248621,152.9312625653875
51488.674501374953,0.0034340338717762362,-1.2410663719313042,152.70212687258004
51726.573872160188,0.0016594700600291493,-1.2421889478139092,152.4485440028559
51965.572438276598,0.0023421010025736432,-1.2355448993794296,152.19763961047303
52205.675278469753,0.0032132727027389669,-1.2335329374737811,151.94734260570834
52446.887494951188,0.0046578339739072622,-1.2316117325554472,151.70859407951616
52689.214213506741,0.002310592213782756,-1.2280287294676464,151.45149610194548
52932.660583605619,0.0036338632283350178,-1.223054053206265,151.18340191630466
53177.231778509689,-0.0036232630308715751,-1.2192175695154408,150.93698141811853
53422.932995383519,-0.010865157648167286,-1.2165144184111785,150.68938888702311
53669.769455404756,-0.0027733992019041841,-1.2159836447374213,150.45006539529152
53917.746403875019,0.002670687278106639,-1.2110079712485033,150.17567298371094
54166.869110331514,0.0039893195746236775,-1.2078266955136367,149.92205119257599
54417.142868658906,0.0043069738582552511,-1.2044344261988789,149.67100377722863
54668.572997201802,0.0057404966796941615,-1.2010482612229343,149.40938283924578
54921.164838877892,0.0036146260634057005,-1.1982717883685281,149.14825446961356
55174.923761291262,0.0055337184952292647,-1.1971584970598688,148.89589178391893
55429.855156846686,0.0054574368919631296,-1.1935360377911406,148.64451945841517
55685.964442864111,0.0062586368756237902,-1.1885816474468938,148.37731791854461
55943.257061693774,0.0023631134083774165,-1.1857650245191345,148.10744879759335
56201.738480831875,-0.00086949510104496978,-1.1813491068178985,147.8531220573847
56461.414193036697,-0.0094275680949628127,-1.1779653051018275,147.59560445256571
56722.289716445441,-0.00077951940592856691,-1.1774889134277953,147.31796093284552
56984.370594691391,0.0052761463641898959,-1.1729175142270054,147.07723428911027
57247.662397021784,0.0073892120185703935,-1.1687183075353824,146.81173229550569
57512.170718416135,0.0073420906545257226,-1.165080318178684,146.53637292343046
57777.901179705041,0.005818171199767963,-1.1590128672842921,146.26079556220793
58044.859427689778,0.006848176624049798,-1.1565550688135484,146.0204430954291
58313.05113526222,0.0074310667467362562,-1.1495556095201855,145.74764789008839
58582.482001525357,0.010321926125611393,-1.1507029197624647,145.47803492161987
58853.157751914507,0.0070121653984024836,-1.1487003215902645,145.20926329866353
59125.084138318787,0.0045210314683300553,-1.1431618228334508,144.92874965853497
59398.26693920356,-0.0013249718249902875,-1.1383622604300274,144.66908697453999
59672.71195973314,0.00013503704890295505,-1.1366102082269627,144.4004746650788
59948.42503189409,0.007734793759714126,-1.136632988071838,144.13648411321114
60225.412014619287,0.0093339569649457561,-1.133119372374785,143.87007413108728
60503.678793912208,0.0083017617531417412,-1.1255198940446594,143.58273783332072
60783.231282972294,0.010270185499138549,-1.1258791791974974,143.32050313959618
61064.075422320399,0.0090234569985019556,-1.1194104420565116,143.0681275168993
61346.217179925057,0.0078445648230310323,-1.1097495746495707,142.74102673216657
61629.66255132942,0.010207129428199279,-1.1063467531069815,142.5030638582802
61914.417559778449,0.0098413201724653551,-1.1032356662437675,142.21534511185743
62200.488256347118,0.0065650285935694372,-1.1012742224230161,141.93624029327827
62487.880720068912,-0.0006725157507878447,-1.0979849884822324,141.66591631155006
62776.601058064996,0.0038215203972289903,-1.0897104904149157,141.39380823748331
63066.655405674057,0.0083521606027315357,-1.0846947695850571,141.1182403396266
63358.049926582506,0.011472275133112936,-1.082434603257983,140.79960395239362
63650.790812955718,0.012471835743888184,-1.0804987403572892,140.55546446586129
63944.884285569402,0.013455895075054028,-1.0721590792877229,140.28316981595623
64240.336593941902,0.011551268176125238,-1.0653420282921431,139.92801879033897
64537.154016467022,0.012333468760390395,-1.0625109898758769,139.65398718151425
64835.342860547244,0.012989376058044491,-1.0623038964558094,139.39901214718597
65134.909462728028,0.011487155468169159,-1.0580392402336771,139.12117086833501
65435.860188832332,0.012929637690367469,-1.0478088883056171,138.84583979078835
65738.201434095885,0.013170641415730697,-1.045934221208807,138.54063696862087
66041.939623303042,0.01284455631453031,-1.0380347344209624,138.23762305630768
66347.081210923468,0.011947106665667584,-1.0337258625571146,138.00982867101297
66653.632681249132,0.0096947063686872899,-1.0283506630010502,137.70831214513751
66961.60054853218,0.0042255916889526891,-1.031571706916887,137.39724846065974
67270.991357123406,0.0029657178042042766,-1.0252606854276238,137.07935891105461
67581.8116816111,0.010692704116380696,-1.0142419935733695,136.81612436672657
67894.068126961094,0.013149828804507619,-1.0102816610368979,136.46809731698954
68207.767328656861,0.015714921457328751,-1.0091499846480094,136.22064095017117
68522.915952840616,0.01732894092633316,-1.0078637909408454,135.90536610168868
68839.520696454987,0.015908042685371281,-0.99741948085380705,135.59771243021086
69157.588287385253,0.014245784454977591,-0.99165149479119341,135.29808352770161
69477.125484602366,0.016137975793010694,-0.98602729364529784,134.9924654735687
69798.139078306602,0.015928096051227185,-0.98153048437514756,134.66319047838496
70120.635890071804,0.015442230421068232,-0.97226576596569725,134.41637389524163
70444.622772990406,0.016282108238144629,-0.96709042116820454,134.05119974701265
70770.10661181889,0.012311709616018957,-0.96450365720818654,133.82019448787329
71097.094323124344,0.0040589601845099606,-0.9618775746173085,133.49266186168063
71425.59285543127,0.0081694166142257385,-0.94789683002023839,133.15650310315311
71755.60918936925,0.013093065754222501,-0.94688962347935546,132.89805617855529
72087.150337821397,0.017207985785172318,-0.94183317139253564,132.54344713990554
72420.223346073151,0.016821200467896886,-0.93884204671672367,132.24622483826181
72754.835291962285,0.01803959125137759,-0.92726667529608542,131.9354750858237
73090.993286029101,0.016911697779494809,-0.92892890749359402,131.59959405157673
73428.704471667617,0.018751226569957709,-0.92480178058756612,131.27452684225102
73767.976025277356,0.019740224320110494,-0.91213524753216912,131.00990574166724
74108.815156415701,0.019720954361130479,-0.90711786507199177,130.69647947870396
74451.229107951382,0.018537174442541379,-0.89806747177695234,130.3298066033056
74795.225156218221,0.015144531380495641,-0.89376039659421869,130.0153923145692
75140.810611169669,0.0094163581554297122,-0.88614772265692432,129.73197084165827
75487.992816534359,0.009471457038231313,-0.87824823659803597,129.40531077244228
75836.779149971917,0.018927155718126094,-0.87299335150136526,129.10414636542512
76187.17702322996,0.020461655728533069,-0.86687237478173418,128.74506273166003
76539.193882301479,0.019521541748445396,-0.86825638367163149,128.40516685887457
76892.837207583099,0.021343909557874567,-0.85682187707855317,128.11865632992615
77248.114514034038,0.02101723235089439,-0.85081446559964236,127.77367870776948
77605.033351335704,0.021167039475296249,-0.84118766770466635,127.45579739612586
77963.601304052339,0.022070100919891755,-0.8432759710868849,127.1036756806555
78323.825991791964,0.02161765948891832,-0.83189782833125459,126.80537189619952
78685.715069368482,0.018781767882587074,-0.82172256955015222,126.46729341800852
79049.276226964255,0.014731324185877465,-0.81907203442073118,126.09420069620964
79414.517190293394,0.0087373473441504854,-0.80989323724534035,125.79687909996247
79781.445720766249,0.018742270768568249,-0.80160912723689326,125.43113213176278
80150.069615654051,0.022917939411685812,-0.79637413147414438,125.1222889086109
80520.396708254731,0.022863161036827853,-0.78922425778581651,124.76658556721733
80892.434868059427,0.023439927614406882,-0.78556690809012075,124.43084438871011
81266.192000919458,0.022644787178066797,-0.77352997427418413,124.08608026726489
81641.676049214671,0.025486275390461929,-0.76554322554989118,123.71610621152064
82018.894992022033,0.024891811890755657,-0.76023117749989977,123.41831240366447
82397.856845285161,0.024002753166801668,-0.75536728073125736,123.03862389058818
82778.569661984773,0.023647384209237867,-0.74740119786361736,122.6763584486626
83161.041532309624,0.016615643596378071,-0.74044747639343234,122.38948169729261
83545.280583828673,0.014200197893858815,-0.73036650378221701,121.96503010376892
83931.294981663639,0.021743992234307657,-0.72552482759590564,121.63981423986712
84319.092928662547,0.025681901837694299,-0.71962085854883484,121.31268305524658
84708.682665574059,0.026361170732378741,-0.70849764571184171,120.95313328423009
85100.072471222462,0.025641569957528931,-0.69705060424698595,120.56056828647195
85493.270662683804,0.026423993544070157,-0.69986639454015065,120.26690549435111
85888.285595462497,0.025714252043431973,-0.68056984427518674,119.85881805161328
86285.125663668921,0.027774182290091865,-0.6792591647100733,119.50024487821867
86683.799300197788,0.024826121374033196,-0.66892529277859869,119.12973894950015
87084.314976907233,0.02124201708143347,-0.66156710709031952,118.77078296932456
87486.681204799097,0.011271483302097107,-0.65132582526655824,118.41641955798623
87890.906534199545,0.022495679938150066,-0.64811910001741491,118.0745048100631
88296.999554940907,0.025766580019159494,-0.63107319491681524,117.68183284828116
88704.968896544073,0.027259157993645474,-0.62212573715197561,117.32767615513959
89114.82322840202,0.025870313181653778,-0.6185978743420244,116.91962564723256
89526.571259963966,0.027287386066846046,-0.61835110316974951,116.59015447972823
89940.221740920446,0.027390724683163396,-0.59713603724451714,116.16203294620178
90355.783461389292,0.029842228383808539,-0.58777196447861979,115.82858028999343
90773.265252102283,0.027523969535715079,-0.58555410425909749,115.42552925671463
91192.675984592992,0.022623762339629358,-0.5759695555796609,115.03470084530419
91614.024571385162,0.013595022150476161,-0.56328474353627644,114.62356447262107
92037.3199661822,0.023926052839524016,-0.55494053310336811,114.2532430707148
92462.57116405743,0.032199969441578526,-0.54510212048271123,113.91828068263577
92889.787201645027,0.032245303366950133,-0.54077611039965789,113.48719599543261
93318.977157332381,0.030328965794017934,-0.53009079933104253,113.08963678482512
93750.15015145285,0.031072431233797989,-0.52647809438152815,112.697290697619
94183.315346479518,0.030133036855362297,-0.5079478490626046,112.29395814529207
94618.481947220018,0.030125608974725583,-0.50130536877420073,111.92882694760641
95055.659201011964,0.028439753347403104,-0.48757744681017018,111.53225814178694
95494.856397919662,0.019706924463759289,-0.4819447520155587,111.14324589952292
95936.082870931423,0.02283685828997423,-0.46621845361391551,110.75183304629485
96379.347996157856,0.02995571970401438,-0.45820789635420411,110.36549659575773
96824.661193031236,0.032155139123752244,-0.44959405064571384,109.93798543391603
97272.031924505427,0.032602182173492603,-0.44292269242690502,109.54747180700778
97721.469697257242,0.031665433263767348,-0.43209266880683483,109.16546959851787
98172.984061888361,0.03355081915079404,-0.42271099628167919,108.71493504414997
98626.584613128216,0.031871802273771038,-0.42126758285367188,108.29856677308413
99082.28099003798,0.032245374133005399,-0.40023806970081349,107.9058522561761
99540.082876215238,0.030126978868980771,-0.38141127443528605,107.51228678808042
100000,0.028354391599033843,-0.37766386619136316,107.06624322101031
